already embedded for 'summary_only': 232 (will skip)
loading Qwen/Qwen3-Embedding-4B (bf16) ...
Warning: You are sending unauthenticated requests to the HF Hub. Please set a HF_TOKEN to enable higher rate limits and faster downloads.
Loading weights:   0%|          | 0/398 [00:00<?, ?it/s]Loading weights: 100%|██████████| 398/398 [00:00<00:00, 9503.31it/s]
model loaded
[batch 1] 32 embedded, 0 truncated, 0.9s elapsed, 36.48 docs/s
[batch 2] 64 embedded, 0 truncated, 1.0s elapsed, 62.56 docs/s
[batch 3] 96 embedded, 0 truncated, 1.2s elapsed, 79.95 docs/s
[batch 4] 128 embedded, 0 truncated, 1.3s elapsed, 95.17 docs/s
[batch 5] 160 embedded, 0 truncated, 1.5s elapsed, 107.34 docs/s
[batch 6] 192 embedded, 0 truncated, 1.6s elapsed, 117.28 docs/s
[batch 7] 224 embedded, 0 truncated, 1.8s elapsed, 122.63 docs/s
[batch 8] 256 embedded, 0 truncated, 2.0s elapsed, 128.79 docs/s
[batch 9] 288 embedded, 0 truncated, 2.2s elapsed, 132.91 docs/s
[batch 10] 320 embedded, 0 truncated, 2.5s elapsed, 126.81 docs/s
[batch 11] 352 embedded, 0 truncated, 2.7s elapsed, 131.32 docs/s
[batch 12] 384 embedded, 0 truncated, 2.9s elapsed, 133.21 docs/s
[batch 13] 416 embedded, 0 truncated, 3.0s elapsed, 136.90 docs/s
[batch 14] 448 embedded, 0 truncated, 3.2s elapsed, 141.34 docs/s
[batch 15] 480 embedded, 0 truncated, 3.3s elapsed, 143.78 docs/s
[batch 16] 512 embedded, 0 truncated, 3.6s elapsed, 141.69 docs/s
[batch 17] 544 embedded, 0 truncated, 3.8s elapsed, 143.48 docs/s
[batch 18] 576 embedded, 0 truncated, 3.9s elapsed, 145.91 docs/s
[batch 19] 608 embedded, 0 truncated, 4.1s elapsed, 148.53 docs/s
[batch 20] 640 embedded, 0 truncated, 4.3s elapsed, 149.52 docs/s
[batch 21] 672 embedded, 0 truncated, 4.4s elapsed, 152.30 docs/s
[batch 22] 704 embedded, 0 truncated, 4.6s elapsed, 154.12 docs/s
[batch 23] 736 embedded, 0 truncated, 4.7s elapsed, 155.08 docs/s
[batch 24] 768 embedded, 0 truncated, 4.9s elapsed, 156.31 docs/s
[batch 25] 800 embedded, 0 truncated, 5.1s elapsed, 157.47 docs/s
[batch 26] 832 embedded, 0 truncated, 5.2s elapsed, 159.59 docs/s
[batch 27] 864 embedded, 0 truncated, 5.4s elapsed, 160.92 docs/s
[batch 28] 896 embedded, 0 truncated, 5.5s elapsed, 161.85 docs/s
[batch 29] 928 embedded, 0 truncated, 5.7s elapsed, 162.36 docs/s
[batch 30] 960 embedded, 0 truncated, 5.9s elapsed, 163.48 docs/s
[batch 31] 992 embedded, 0 truncated, 6.0s elapsed, 164.84 docs/s
[batch 32] 1024 embedded, 0 truncated, 6.2s elapsed, 164.93 docs/s
[batch 33] 1056 embedded, 0 truncated, 6.4s elapsed, 165.89 docs/s
[batch 34] 1088 embedded, 0 truncated, 6.5s elapsed, 166.48 docs/s
[batch 35] 1120 embedded, 0 truncated, 6.7s elapsed, 167.39 docs/s
[batch 36] 1152 embedded, 0 truncated, 6.8s elapsed, 168.49 docs/s
[batch 37] 1184 embedded, 0 truncated, 7.1s elapsed, 167.34 docs/s
[batch 38] 1216 embedded, 0 truncated, 7.3s elapsed, 167.61 docs/s
[batch 39] 1248 embedded, 0 truncated, 7.4s elapsed, 167.89 docs/s
[batch 40] 1280 embedded, 0 truncated, 7.6s elapsed, 167.87 docs/s
[batch 41] 1312 embedded, 0 truncated, 7.8s elapsed, 169.12 docs/s
[batch 42] 1344 embedded, 0 truncated, 7.9s elapsed, 170.05 docs/s
[batch 43] 1376 embedded, 0 truncated, 8.1s elapsed, 170.72 docs/s
[batch 44] 1408 embedded, 0 truncated, 8.2s elapsed, 171.08 docs/s
[batch 45] 1440 embedded, 0 truncated, 8.4s elapsed, 171.67 docs/s
[batch 46] 1472 embedded, 0 truncated, 8.6s elapsed, 170.66 docs/s
[batch 47] 1504 embedded, 0 truncated, 8.8s elapsed, 170.39 docs/s
[batch 48] 1536 embedded, 0 truncated, 9.1s elapsed, 168.62 docs/s
[batch 49] 1568 embedded, 0 truncated, 9.2s elapsed, 169.66 docs/s
[batch 50] 1600 embedded, 0 truncated, 9.4s elapsed, 170.42 docs/s
[batch 51] 1632 embedded, 0 truncated, 9.5s elapsed, 171.16 docs/s
[batch 52] 1664 embedded, 0 truncated, 9.7s elapsed, 171.06 docs/s
[batch 53] 1696 embedded, 0 truncated, 9.9s elapsed, 171.79 docs/s
[batch 54] 1728 embedded, 0 truncated, 10.0s elapsed, 172.47 docs/s
[batch 55] 1760 embedded, 0 truncated, 10.2s elapsed, 172.17 docs/s
[batch 56] 1792 embedded, 0 truncated, 10.4s elapsed, 172.85 docs/s
[batch 57] 1824 embedded, 0 truncated, 10.5s elapsed, 173.13 docs/s
[batch 58] 1856 embedded, 0 truncated, 10.7s elapsed, 173.60 docs/s
[batch 59] 1888 embedded, 0 truncated, 10.8s elapsed, 174.20 docs/s
[batch 60] 1920 embedded, 0 truncated, 11.0s elapsed, 174.29 docs/s
[batch 61] 1952 embedded, 0 truncated, 11.2s elapsed, 174.51 docs/s
[batch 62] 1984 embedded, 0 truncated, 11.4s elapsed, 174.59 docs/s
[batch 63] 2016 embedded, 0 truncated, 11.5s elapsed, 175.15 docs/s
[batch 64] 2048 embedded, 0 truncated, 11.7s elapsed, 175.55 docs/s
[batch 65] 2080 embedded, 0 truncated, 11.9s elapsed, 175.39 docs/s
[batch 66] 2112 embedded, 0 truncated, 12.1s elapsed, 175.12 docs/s
[batch 67] 2144 embedded, 0 truncated, 12.3s elapsed, 174.84 docs/s
[batch 68] 2176 embedded, 0 truncated, 12.4s elapsed, 175.56 docs/s
[batch 69] 2208 embedded, 0 truncated, 12.6s elapsed, 175.44 docs/s
[batch 70] 2240 embedded, 0 truncated, 12.7s elapsed, 175.94 docs/s
[batch 71] 2272 embedded, 0 truncated, 12.9s elapsed, 176.30 docs/s
[batch 72] 2304 embedded, 0 truncated, 13.2s elapsed, 175.17 docs/s
[batch 73] 2336 embedded, 0 truncated, 13.3s elapsed, 175.10 docs/s
[batch 74] 2368 embedded, 0 truncated, 13.5s elapsed, 175.58 docs/s
[batch 75] 2400 embedded, 0 truncated, 13.7s elapsed, 175.31 docs/s
[batch 76] 2432 embedded, 0 truncated, 13.9s elapsed, 175.48 docs/s
[batch 77] 2464 embedded, 0 truncated, 14.0s elapsed, 175.81 docs/s
[batch 78] 2496 embedded, 0 truncated, 14.2s elapsed, 175.71 docs/s
[batch 79] 2528 embedded, 0 truncated, 14.4s elapsed, 175.76 docs/s
[batch 80] 2560 embedded, 0 truncated, 14.5s elapsed, 176.36 docs/s
[batch 81] 2592 embedded, 0 truncated, 14.7s elapsed, 176.80 docs/s
[batch 82] 2624 embedded, 0 truncated, 14.9s elapsed, 176.40 docs/s
[batch 83] 2656 embedded, 0 truncated, 15.1s elapsed, 176.44 docs/s
[batch 84] 2688 embedded, 0 truncated, 15.2s elapsed, 176.58 docs/s
[batch 85] 2720 embedded, 0 truncated, 15.4s elapsed, 176.32 docs/s
[batch 86] 2752 embedded, 0 truncated, 15.6s elapsed, 176.72 docs/s
[batch 87] 2784 embedded, 0 truncated, 15.7s elapsed, 176.98 docs/s
[batch 88] 2816 embedded, 0 truncated, 15.9s elapsed, 177.53 docs/s
[batch 89] 2848 embedded, 0 truncated, 16.0s elapsed, 178.08 docs/s
[batch 90] 2880 embedded, 0 truncated, 16.1s elapsed, 178.33 docs/s
[batch 91] 2912 embedded, 0 truncated, 16.3s elapsed, 178.59 docs/s
[batch 92] 2944 embedded, 0 truncated, 16.5s elapsed, 178.83 docs/s
[batch 93] 2976 embedded, 0 truncated, 16.7s elapsed, 178.31 docs/s
[batch 94] 3008 embedded, 0 truncated, 16.8s elapsed, 178.55 docs/s
[batch 95] 3040 embedded, 0 truncated, 17.1s elapsed, 178.17 docs/s
[batch 96] 3072 embedded, 0 truncated, 17.2s elapsed, 178.66 docs/s
[batch 97] 3104 embedded, 0 truncated, 17.4s elapsed, 178.66 docs/s
[batch 98] 3136 embedded, 0 truncated, 17.5s elapsed, 178.89 docs/s
[batch 99] 3168 embedded, 0 truncated, 17.7s elapsed, 178.99 docs/s
[batch 100] 3200 embedded, 0 truncated, 17.9s elapsed, 179.09 docs/s
[batch 101] 3232 embedded, 0 truncated, 18.0s elapsed, 179.43 docs/s
[batch 102] 3264 embedded, 0 truncated, 18.2s elapsed, 179.43 docs/s
[batch 103] 3296 embedded, 0 truncated, 18.4s elapsed, 179.42 docs/s
[batch 104] 3328 embedded, 0 truncated, 18.5s elapsed, 179.52 docs/s
[batch 105] 3360 embedded, 0 truncated, 18.7s elapsed, 179.74 docs/s
[batch 106] 3392 embedded, 0 truncated, 18.9s elapsed, 179.83 docs/s
[batch 107] 3424 embedded, 0 truncated, 19.0s elapsed, 179.93 docs/s
[batch 108] 3456 embedded, 0 truncated, 19.2s elapsed, 179.60 docs/s
[batch 109] 3488 embedded, 0 truncated, 19.4s elapsed, 179.36 docs/s
[batch 110] 3520 embedded, 0 truncated, 19.7s elapsed, 178.82 docs/s
[batch 111] 3552 embedded, 0 truncated, 19.9s elapsed, 178.90 docs/s
[batch 112] 3584 embedded, 0 truncated, 20.0s elapsed, 179.31 docs/s
[batch 113] 3616 embedded, 0 truncated, 20.2s elapsed, 179.31 docs/s
[batch 114] 3648 embedded, 0 truncated, 20.3s elapsed, 179.40 docs/s
[batch 115] 3680 embedded, 0 truncated, 20.5s elapsed, 179.60 docs/s
[batch 116] 3712 embedded, 0 truncated, 20.7s elapsed, 179.68 docs/s
[batch 117] 3744 embedded, 0 truncated, 20.9s elapsed, 179.01 docs/s
[batch 118] 3776 embedded, 0 truncated, 21.1s elapsed, 179.19 docs/s
[batch 119] 3808 embedded, 0 truncated, 21.3s elapsed, 179.09 docs/s
[batch 120] 3840 embedded, 0 truncated, 21.9s elapsed, 175.54 docs/s
[batch 121] 3872 embedded, 0 truncated, 22.1s elapsed, 175.47 docs/s
[batch 122] 3904 embedded, 0 truncated, 22.4s elapsed, 174.53 docs/s
[batch 123] 3936 embedded, 0 truncated, 22.5s elapsed, 174.73 docs/s
[batch 124] 3968 embedded, 0 truncated, 22.7s elapsed, 175.01 docs/s
[batch 125] 4000 embedded, 0 truncated, 22.9s elapsed, 174.93 docs/s
[batch 126] 4032 embedded, 0 truncated, 23.0s elapsed, 174.95 docs/s
[batch 127] 4064 embedded, 0 truncated, 23.2s elapsed, 174.89 docs/s
[batch 128] 4096 embedded, 0 truncated, 23.4s elapsed, 175.17 docs/s
[batch 129] 4128 embedded, 0 truncated, 23.6s elapsed, 175.02 docs/s
[batch 130] 4160 embedded, 0 truncated, 23.7s elapsed, 175.30 docs/s
[batch 131] 4192 embedded, 0 truncated, 23.9s elapsed, 175.32 docs/s
[batch 132] 4224 embedded, 0 truncated, 24.1s elapsed, 175.50 docs/s
[batch 133] 4256 embedded, 0 truncated, 24.2s elapsed, 175.51 docs/s
[batch 134] 4288 embedded, 0 truncated, 24.4s elapsed, 175.52 docs/s
[batch 135] 4320 embedded, 0 truncated, 24.6s elapsed, 175.29 docs/s
[batch 136] 4352 embedded, 0 truncated, 24.8s elapsed, 175.31 docs/s
[batch 137] 4384 embedded, 0 truncated, 25.0s elapsed, 175.39 docs/s
[batch 138] 4416 embedded, 0 truncated, 25.2s elapsed, 175.40 docs/s
[batch 139] 4448 embedded, 0 truncated, 25.3s elapsed, 175.49 docs/s
[batch 140] 4480 embedded, 0 truncated, 25.5s elapsed, 175.51 docs/s
[batch 141] 4512 embedded, 0 truncated, 25.7s elapsed, 175.37 docs/s
[batch 142] 4544 embedded, 0 truncated, 26.0s elapsed, 174.88 docs/s
[batch 143] 4576 embedded, 0 truncated, 26.1s elapsed, 175.22 docs/s
[batch 144] 4608 embedded, 0 truncated, 26.3s elapsed, 175.46 docs/s
[batch 145] 4640 embedded, 0 truncated, 26.4s elapsed, 175.49 docs/s
[batch 146] 4672 embedded, 0 truncated, 26.6s elapsed, 175.51 docs/s
[batch 147] 4704 embedded, 0 truncated, 26.9s elapsed, 174.88 docs/s
[batch 148] 4736 embedded, 0 truncated, 27.1s elapsed, 174.67 docs/s
[batch 149] 4768 embedded, 0 truncated, 27.3s elapsed, 174.54 docs/s
[batch 150] 4800 embedded, 0 truncated, 27.5s elapsed, 174.57 docs/s
[batch 151] 4832 embedded, 0 truncated, 27.7s elapsed, 174.37 docs/s
[batch 152] 4864 embedded, 0 truncated, 27.9s elapsed, 174.54 docs/s
[batch 153] 4896 embedded, 0 truncated, 28.0s elapsed, 174.86 docs/s
[batch 154] 4928 embedded, 0 truncated, 28.2s elapsed, 175.02 docs/s
[batch 155] 4960 embedded, 0 truncated, 28.4s elapsed, 174.90 docs/s
[batch 156] 4992 embedded, 0 truncated, 28.6s elapsed, 174.84 docs/s
[batch 157] 5024 embedded, 0 truncated, 28.9s elapsed, 174.12 docs/s
[batch 158] 5056 embedded, 0 truncated, 29.0s elapsed, 174.27 docs/s
[batch 159] 5088 embedded, 0 truncated, 29.1s elapsed, 174.58 docs/s
[batch 160] 5120 embedded, 0 truncated, 29.3s elapsed, 174.95 docs/s
[batch 161] 5152 embedded, 0 truncated, 29.5s elapsed, 174.61 docs/s
[batch 162] 5184 embedded, 0 truncated, 29.7s elapsed, 174.27 docs/s
[batch 163] 5216 embedded, 0 truncated, 30.0s elapsed, 174.02 docs/s
[batch 164] 5248 embedded, 0 truncated, 30.1s elapsed, 174.10 docs/s
[batch 165] 5280 embedded, 0 truncated, 30.3s elapsed, 174.18 docs/s
[batch 166] 5312 embedded, 0 truncated, 30.5s elapsed, 174.26 docs/s
[batch 167] 5344 embedded, 0 truncated, 30.7s elapsed, 174.34 docs/s
[batch 168] 5376 embedded, 0 truncated, 30.8s elapsed, 174.42 docs/s
[batch 169] 5408 embedded, 0 truncated, 31.0s elapsed, 174.51 docs/s
[batch 170] 5440 embedded, 0 truncated, 31.2s elapsed, 174.46 docs/s
[batch 171] 5472 embedded, 0 truncated, 31.4s elapsed, 174.41 docs/s
[batch 172] 5504 embedded, 0 truncated, 31.6s elapsed, 174.43 docs/s
[batch 173] 5536 embedded, 0 truncated, 31.8s elapsed, 173.84 docs/s
[batch 174] 5568 embedded, 0 truncated, 32.0s elapsed, 173.99 docs/s
[batch 175] 5600 embedded, 0 truncated, 32.1s elapsed, 174.19 docs/s
[batch 176] 5632 embedded, 0 truncated, 32.4s elapsed, 174.02 docs/s
[batch 177] 5664 embedded, 0 truncated, 32.5s elapsed, 174.04 docs/s
[batch 178] 5696 embedded, 0 truncated, 32.7s elapsed, 174.32 docs/s
[batch 179] 5728 embedded, 0 truncated, 32.9s elapsed, 174.34 docs/s
[batch 180] 5760 embedded, 0 truncated, 33.0s elapsed, 174.61 docs/s
[batch 181] 5792 embedded, 0 truncated, 33.2s elapsed, 174.57 docs/s
[batch 182] 5824 embedded, 0 truncated, 33.4s elapsed, 174.40 docs/s
[batch 183] 5856 embedded, 0 truncated, 33.6s elapsed, 174.11 docs/s
[batch 184] 5888 embedded, 0 truncated, 33.8s elapsed, 174.13 docs/s
[batch 185] 5920 embedded, 0 truncated, 34.0s elapsed, 174.26 docs/s
[batch 186] 5952 embedded, 0 truncated, 34.2s elapsed, 174.28 docs/s
[batch 187] 5984 embedded, 0 truncated, 34.3s elapsed, 174.36 docs/s
[batch 188] 6016 embedded, 0 truncated, 34.5s elapsed, 174.37 docs/s
[batch 189] 6048 embedded, 0 truncated, 34.6s elapsed, 174.56 docs/s
[batch 190] 6080 embedded, 0 truncated, 35.3s elapsed, 172.18 docs/s
[batch 191] 6112 embedded, 0 truncated, 35.5s elapsed, 172.26 docs/s
[batch 192] 6144 embedded, 0 truncated, 35.7s elapsed, 172.28 docs/s
[batch 193] 6176 embedded, 0 truncated, 35.9s elapsed, 172.19 docs/s
[batch 194] 6208 embedded, 0 truncated, 36.0s elapsed, 172.38 docs/s
[batch 195] 6240 embedded, 0 truncated, 36.2s elapsed, 172.30 docs/s
[batch 196] 6272 embedded, 0 truncated, 36.4s elapsed, 172.43 docs/s
[batch 197] 6304 embedded, 0 truncated, 36.5s elapsed, 172.51 docs/s
[batch 198] 6336 embedded, 0 truncated, 36.7s elapsed, 172.58 docs/s
[batch 199] 6368 embedded, 0 truncated, 36.9s elapsed, 172.38 docs/s
[batch 200] 6400 embedded, 0 truncated, 37.1s elapsed, 172.51 docs/s
[batch 201] 6432 embedded, 0 truncated, 37.4s elapsed, 172.14 docs/s
[batch 202] 6464 embedded, 0 truncated, 37.6s elapsed, 172.11 docs/s
[batch 203] 6496 embedded, 0 truncated, 37.8s elapsed, 171.98 docs/s
[batch 204] 6528 embedded, 0 truncated, 38.0s elapsed, 171.85 docs/s
[batch 205] 6560 embedded, 0 truncated, 38.2s elapsed, 171.72 docs/s
[batch 206] 6592 embedded, 0 truncated, 38.4s elapsed, 171.65 docs/s
[batch 207] 6624 embedded, 0 truncated, 38.6s elapsed, 171.73 docs/s
[batch 208] 6656 embedded, 0 truncated, 38.8s elapsed, 171.70 docs/s
[batch 209] 6688 embedded, 0 truncated, 38.9s elapsed, 171.87 docs/s
[batch 210] 6720 embedded, 0 truncated, 39.1s elapsed, 171.94 docs/s
[batch 211] 6752 embedded, 0 truncated, 39.2s elapsed, 172.07 docs/s
[batch 212] 6784 embedded, 0 truncated, 39.4s elapsed, 172.24 docs/s
[batch 213] 6816 embedded, 0 truncated, 39.5s elapsed, 172.41 docs/s
[batch 214] 6848 embedded, 0 truncated, 39.7s elapsed, 172.58 docs/s
[batch 215] 6880 embedded, 0 truncated, 39.8s elapsed, 172.70 docs/s
[batch 216] 6912 embedded, 0 truncated, 40.0s elapsed, 172.67 docs/s
[batch 217] 6944 embedded, 0 truncated, 40.2s elapsed, 172.69 docs/s
[batch 218] 6976 embedded, 0 truncated, 40.4s elapsed, 172.76 docs/s
[batch 219] 7008 embedded, 0 truncated, 40.5s elapsed, 172.88 docs/s
[batch 220] 7040 embedded, 0 truncated, 40.7s elapsed, 173.04 docs/s
[batch 221] 7072 embedded, 0 truncated, 40.8s elapsed, 173.30 docs/s
[batch 222] 7104 embedded, 0 truncated, 41.1s elapsed, 172.75 docs/s
[batch 223] 7136 embedded, 0 truncated, 41.3s elapsed, 172.63 docs/s
[batch 224] 7168 embedded, 0 truncated, 41.5s elapsed, 172.79 docs/s
[batch 225] 7200 embedded, 0 truncated, 41.6s elapsed, 172.91 docs/s
[batch 226] 7232 embedded, 0 truncated, 41.8s elapsed, 172.88 docs/s
[batch 227] 7264 embedded, 0 truncated, 42.0s elapsed, 172.94 docs/s
[batch 228] 7296 embedded, 0 truncated, 42.2s elapsed, 172.82 docs/s
[batch 229] 7328 embedded, 0 truncated, 42.4s elapsed, 172.85 docs/s
[batch 230] 7360 embedded, 0 truncated, 42.6s elapsed, 172.87 docs/s
[batch 231] 7392 embedded, 0 truncated, 42.7s elapsed, 173.02 docs/s
[batch 232] 7424 embedded, 0 truncated, 42.9s elapsed, 173.00 docs/s
[batch 233] 7456 embedded, 0 truncated, 43.1s elapsed, 172.97 docs/s
[batch 234] 7488 embedded, 0 truncated, 43.2s elapsed, 173.18 docs/s
[batch 235] 7520 embedded, 0 truncated, 43.4s elapsed, 173.11 docs/s
[batch 236] 7552 embedded, 0 truncated, 43.6s elapsed, 173.26 docs/s
[batch 237] 7584 embedded, 0 truncated, 43.8s elapsed, 173.05 docs/s
[batch 238] 7616 embedded, 0 truncated, 44.1s elapsed, 172.87 docs/s
[batch 239] 7648 embedded, 0 truncated, 44.2s elapsed, 173.08 docs/s
[batch 240] 7680 embedded, 0 truncated, 44.3s elapsed, 173.41 docs/s
[batch 241] 7712 embedded, 0 truncated, 44.4s elapsed, 173.78 docs/s
[batch 242] 7744 embedded, 0 truncated, 44.5s elapsed, 174.10 docs/s
[batch 243] 7776 embedded, 0 truncated, 44.6s elapsed, 174.20 docs/s
[batch 244] 7808 embedded, 0 truncated, 44.9s elapsed, 173.92 docs/s
[batch 245] 7840 embedded, 0 truncated, 45.1s elapsed, 173.93 docs/s
[batch 246] 7872 embedded, 0 truncated, 45.3s elapsed, 173.95 docs/s
[batch 247] 7904 embedded, 0 truncated, 45.4s elapsed, 174.01 docs/s
[batch 248] 7936 embedded, 0 truncated, 45.6s elapsed, 174.11 docs/s
[batch 249] 7968 embedded, 0 truncated, 45.9s elapsed, 173.75 docs/s
[batch 250] 8000 embedded, 0 truncated, 46.0s elapsed, 173.80 docs/s
[batch 251] 8032 embedded, 0 truncated, 46.2s elapsed, 173.94 docs/s
[batch 252] 8064 embedded, 0 truncated, 46.3s elapsed, 174.04 docs/s
[batch 253] 8096 embedded, 0 truncated, 46.5s elapsed, 174.05 docs/s
[batch 254] 8128 embedded, 0 truncated, 46.7s elapsed, 174.15 docs/s
[batch 255] 8160 embedded, 0 truncated, 46.9s elapsed, 173.98 docs/s
[batch 256] 8192 embedded, 0 truncated, 47.1s elapsed, 173.95 docs/s
[batch 257] 8224 embedded, 0 truncated, 47.3s elapsed, 174.05 docs/s
[batch 258] 8256 embedded, 0 truncated, 47.4s elapsed, 174.10 docs/s
[batch 259] 8288 embedded, 0 truncated, 47.6s elapsed, 174.20 docs/s
[batch 260] 8320 embedded, 0 truncated, 47.7s elapsed, 174.26 docs/s
[batch 261] 8352 embedded, 0 truncated, 47.9s elapsed, 174.22 docs/s
[batch 262] 8384 embedded, 0 truncated, 48.1s elapsed, 174.28 docs/s
[batch 263] 8416 embedded, 0 truncated, 48.3s elapsed, 174.37 docs/s
[batch 264] 8448 embedded, 0 truncated, 48.6s elapsed, 173.93 docs/s
[batch 265] 8480 embedded, 0 truncated, 48.7s elapsed, 174.02 docs/s
[batch 266] 8512 embedded, 0 truncated, 48.9s elapsed, 173.99 docs/s
[batch 267] 8544 embedded, 0 truncated, 49.1s elapsed, 173.97 docs/s
[batch 268] 8576 embedded, 0 truncated, 49.3s elapsed, 173.98 docs/s
[batch 269] 8608 embedded, 0 truncated, 49.4s elapsed, 174.17 docs/s
[batch 270] 8640 embedded, 0 truncated, 49.6s elapsed, 174.35 docs/s
[batch 271] 8672 embedded, 0 truncated, 49.7s elapsed, 174.40 docs/s
[batch 272] 8704 embedded, 0 truncated, 49.9s elapsed, 174.41 docs/s
[batch 273] 8736 embedded, 0 truncated, 50.1s elapsed, 174.34 docs/s
[batch 274] 8768 embedded, 0 truncated, 50.3s elapsed, 174.46 docs/s
[batch 275] 8800 embedded, 0 truncated, 50.4s elapsed, 174.59 docs/s
[batch 276] 8832 embedded, 0 truncated, 50.5s elapsed, 174.72 docs/s
[batch 277] 8864 embedded, 0 truncated, 50.7s elapsed, 174.81 docs/s
[batch 278] 8896 embedded, 0 truncated, 50.9s elapsed, 174.78 docs/s
[batch 279] 8928 embedded, 0 truncated, 51.1s elapsed, 174.71 docs/s
[batch 280] 8960 embedded, 0 truncated, 51.3s elapsed, 174.72 docs/s
[batch 281] 8992 embedded, 0 truncated, 51.4s elapsed, 174.80 docs/s
[batch 282] 9024 embedded, 0 truncated, 51.8s elapsed, 174.31 docs/s
[batch 283] 9056 embedded, 0 truncated, 52.0s elapsed, 174.32 docs/s
[batch 284] 9088 embedded, 0 truncated, 52.2s elapsed, 174.17 docs/s
[batch 285] 9120 embedded, 0 truncated, 52.3s elapsed, 174.21 docs/s
[batch 286] 9152 embedded, 0 truncated, 52.5s elapsed, 174.34 docs/s
[batch 287] 9184 embedded, 0 truncated, 52.7s elapsed, 174.34 docs/s
[batch 288] 9216 embedded, 0 truncated, 52.9s elapsed, 174.31 docs/s
[batch 289] 9248 embedded, 0 truncated, 53.1s elapsed, 174.29 docs/s
[batch 290] 9280 embedded, 0 truncated, 53.2s elapsed, 174.37 docs/s
[batch 291] 9312 embedded, 0 truncated, 53.4s elapsed, 174.54 docs/s
[batch 292] 9344 embedded, 0 truncated, 53.5s elapsed, 174.70 docs/s
[batch 293] 9376 embedded, 0 truncated, 53.7s elapsed, 174.63 docs/s
[batch 294] 9408 embedded, 0 truncated, 53.8s elapsed, 174.72 docs/s
[batch 295] 9440 embedded, 0 truncated, 54.0s elapsed, 174.88 docs/s
[batch 296] 9472 embedded, 0 truncated, 54.2s elapsed, 174.85 docs/s
[batch 297] 9504 embedded, 0 truncated, 54.3s elapsed, 175.00 docs/s
[batch 298] 9536 embedded, 0 truncated, 54.5s elapsed, 175.11 docs/s
[batch 299] 9568 embedded, 0 truncated, 54.6s elapsed, 175.23 docs/s
[batch 300] 9600 embedded, 0 truncated, 54.8s elapsed, 175.27 docs/s
[batch 301] 9632 embedded, 0 truncated, 55.0s elapsed, 175.28 docs/s
[batch 302] 9664 embedded, 0 truncated, 55.1s elapsed, 175.28 docs/s
[batch 303] 9696 embedded, 0 truncated, 55.3s elapsed, 175.32 docs/s
[batch 304] 9728 embedded, 0 truncated, 55.5s elapsed, 175.36 docs/s
[batch 305] 9760 embedded, 0 truncated, 55.6s elapsed, 175.51 docs/s
[batch 306] 9792 embedded, 0 truncated, 55.8s elapsed, 175.44 docs/s
[batch 307] 9824 embedded, 0 truncated, 56.0s elapsed, 175.47 docs/s
[batch 308] 9856 embedded, 0 truncated, 56.2s elapsed, 175.48 docs/s
[batch 309] 9888 embedded, 0 truncated, 56.3s elapsed, 175.52 docs/s
[batch 310] 9920 embedded, 0 truncated, 56.5s elapsed, 175.59 docs/s
[batch 311] 9952 embedded, 0 truncated, 56.7s elapsed, 175.55 docs/s
[batch 312] 9984 embedded, 0 truncated, 56.9s elapsed, 175.55 docs/s
[batch 313] 10016 embedded, 0 truncated, 57.1s elapsed, 175.44 docs/s
[batch 314] 10048 embedded, 0 truncated, 57.3s elapsed, 175.27 docs/s
[batch 315] 10080 embedded, 0 truncated, 57.5s elapsed, 175.17 docs/s
[batch 316] 10112 embedded, 0 truncated, 57.7s elapsed, 175.21 docs/s
[batch 317] 10144 embedded, 0 truncated, 57.9s elapsed, 175.19 docs/s
[batch 318] 10176 embedded, 0 truncated, 58.1s elapsed, 175.26 docs/s
[batch 319] 10208 embedded, 0 truncated, 58.3s elapsed, 175.16 docs/s
[batch 320] 10240 embedded, 0 truncated, 58.4s elapsed, 175.20 docs/s
[batch 321] 10272 embedded, 0 truncated, 58.7s elapsed, 175.10 docs/s
[batch 322] 10304 embedded, 0 truncated, 59.0s elapsed, 174.50 docs/s
[batch 323] 10336 embedded, 0 truncated, 59.2s elapsed, 174.54 docs/s
[batch 324] 10368 embedded, 0 truncated, 59.3s elapsed, 174.69 docs/s
[batch 325] 10400 embedded, 0 truncated, 59.5s elapsed, 174.77 docs/s
[batch 326] 10432 embedded, 0 truncated, 59.7s elapsed, 174.71 docs/s
[batch 327] 10464 embedded, 0 truncated, 59.9s elapsed, 174.78 docs/s
[batch 328] 10496 embedded, 0 truncated, 60.0s elapsed, 174.79 docs/s
[batch 329] 10528 embedded, 0 truncated, 60.2s elapsed, 174.89 docs/s
[batch 330] 10560 embedded, 0 truncated, 60.4s elapsed, 174.80 docs/s
[batch 331] 10592 embedded, 0 truncated, 60.6s elapsed, 174.77 docs/s
[batch 332] 10624 embedded, 0 truncated, 60.8s elapsed, 174.88 docs/s
[batch 333] 10656 embedded, 0 truncated, 60.9s elapsed, 174.88 docs/s
[batch 334] 10688 embedded, 0 truncated, 61.1s elapsed, 174.95 docs/s
[batch 335] 10720 embedded, 0 truncated, 61.2s elapsed, 175.05 docs/s
[batch 336] 10752 embedded, 0 truncated, 61.4s elapsed, 175.12 docs/s
[batch 337] 10784 embedded, 0 truncated, 61.6s elapsed, 175.19 docs/s
[batch 338] 10816 embedded, 0 truncated, 61.7s elapsed, 175.23 docs/s
[batch 339] 10848 embedded, 0 truncated, 61.9s elapsed, 175.20 docs/s
[batch 340] 10880 embedded, 0 truncated, 62.1s elapsed, 175.16 docs/s
[batch 341] 10912 embedded, 0 truncated, 62.3s elapsed, 175.13 docs/s
[batch 342] 10944 embedded, 0 truncated, 62.5s elapsed, 175.22 docs/s
[batch 343] 10976 embedded, 0 truncated, 62.7s elapsed, 175.13 docs/s
[batch 344] 11008 embedded, 0 truncated, 62.8s elapsed, 175.16 docs/s
[batch 345] 11040 embedded, 0 truncated, 63.0s elapsed, 175.31 docs/s
[batch 346] 11072 embedded, 0 truncated, 63.2s elapsed, 175.28 docs/s
[batch 347] 11104 embedded, 0 truncated, 63.4s elapsed, 175.22 docs/s
[batch 348] 11136 embedded, 0 truncated, 63.5s elapsed, 175.29 docs/s
[batch 349] 11168 embedded, 0 truncated, 63.7s elapsed, 175.23 docs/s
[batch 350] 11200 embedded, 0 truncated, 63.9s elapsed, 175.32 docs/s
[batch 351] 11232 embedded, 0 truncated, 64.1s elapsed, 175.33 docs/s
[batch 352] 11264 embedded, 0 truncated, 64.2s elapsed, 175.39 docs/s
[batch 353] 11296 embedded, 0 truncated, 64.4s elapsed, 175.40 docs/s
[batch 354] 11328 embedded, 0 truncated, 64.6s elapsed, 175.33 docs/s
[batch 355] 11360 embedded, 0 truncated, 64.8s elapsed, 175.30 docs/s
[batch 356] 11392 embedded, 0 truncated, 64.9s elapsed, 175.40 docs/s
[batch 357] 11424 embedded, 0 truncated, 65.1s elapsed, 175.37 docs/s
[batch 358] 11456 embedded, 0 truncated, 65.3s elapsed, 175.37 docs/s
[batch 359] 11488 embedded, 0 truncated, 65.5s elapsed, 175.31 docs/s
[batch 360] 11520 embedded, 0 truncated, 65.8s elapsed, 175.16 docs/s
[batch 361] 11552 embedded, 0 truncated, 65.9s elapsed, 175.25 docs/s
[batch 362] 11584 embedded, 0 truncated, 66.1s elapsed, 175.16 docs/s
[batch 363] 11616 embedded, 0 truncated, 66.3s elapsed, 175.29 docs/s
[batch 364] 11648 embedded, 0 truncated, 66.5s elapsed, 175.29 docs/s
[batch 365] 11680 embedded, 0 truncated, 66.6s elapsed, 175.29 docs/s
[batch 366] 11712 embedded, 0 truncated, 66.8s elapsed, 175.29 docs/s
[batch 367] 11744 embedded, 0 truncated, 67.1s elapsed, 175.04 docs/s
[batch 368] 11776 embedded, 0 truncated, 67.3s elapsed, 175.01 docs/s
[batch 369] 11808 embedded, 0 truncated, 67.5s elapsed, 174.86 docs/s
[batch 370] 11840 embedded, 0 truncated, 67.7s elapsed, 174.81 docs/s
[batch 371] 11872 embedded, 0 truncated, 67.9s elapsed, 174.78 docs/s
[batch 372] 11904 embedded, 0 truncated, 68.1s elapsed, 174.84 docs/s
[batch 373] 11936 embedded, 0 truncated, 68.3s elapsed, 174.87 docs/s
[batch 374] 11968 embedded, 0 truncated, 68.5s elapsed, 174.79 docs/s
[batch 375] 12000 embedded, 0 truncated, 68.6s elapsed, 174.91 docs/s
[batch 376] 12032 embedded, 0 truncated, 68.8s elapsed, 174.83 docs/s
[batch 377] 12064 embedded, 0 truncated, 69.2s elapsed, 174.25 docs/s
[batch 378] 12096 embedded, 0 truncated, 69.4s elapsed, 174.31 docs/s
[batch 379] 12128 embedded, 0 truncated, 69.6s elapsed, 174.32 docs/s
[batch 380] 12160 embedded, 0 truncated, 69.8s elapsed, 174.32 docs/s
[batch 381] 12192 embedded, 0 truncated, 69.9s elapsed, 174.44 docs/s
[batch 382] 12224 embedded, 0 truncated, 70.1s elapsed, 174.45 docs/s
[batch 383] 12256 embedded, 0 truncated, 70.2s elapsed, 174.57 docs/s
[batch 384] 12288 embedded, 0 truncated, 70.4s elapsed, 174.65 docs/s
[batch 385] 12320 embedded, 0 truncated, 70.5s elapsed, 174.74 docs/s
[batch 386] 12352 embedded, 0 truncated, 70.6s elapsed, 174.87 docs/s
[batch 387] 12384 embedded, 0 truncated, 70.8s elapsed, 174.90 docs/s
[batch 388] 12416 embedded, 0 truncated, 71.0s elapsed, 174.99 docs/s
[batch 389] 12448 embedded, 0 truncated, 71.1s elapsed, 174.99 docs/s
[batch 390] 12480 embedded, 0 truncated, 71.3s elapsed, 175.03 docs/s
[batch 391] 12512 embedded, 0 truncated, 71.5s elapsed, 175.08 docs/s
[batch 392] 12544 embedded, 0 truncated, 71.6s elapsed, 175.17 docs/s
[batch 393] 12576 embedded, 0 truncated, 71.8s elapsed, 175.11 docs/s
[batch 394] 12608 embedded, 0 truncated, 72.0s elapsed, 175.02 docs/s
[batch 395] 12640 embedded, 0 truncated, 72.2s elapsed, 175.11 docs/s
[batch 396] 12672 embedded, 0 truncated, 72.4s elapsed, 175.14 docs/s
[batch 397] 12704 embedded, 0 truncated, 72.7s elapsed, 174.78 docs/s
[batch 398] 12736 embedded, 0 truncated, 72.8s elapsed, 174.86 docs/s
[batch 399] 12768 embedded, 0 truncated, 73.0s elapsed, 174.81 docs/s
[batch 400] 12800 embedded, 0 truncated, 73.2s elapsed, 174.76 docs/s
[batch 401] 12832 embedded, 0 truncated, 73.4s elapsed, 174.84 docs/s
[batch 402] 12864 embedded, 0 truncated, 73.6s elapsed, 174.84 docs/s
[batch 403] 12896 embedded, 0 truncated, 73.7s elapsed, 174.90 docs/s
[batch 404] 12928 embedded, 0 truncated, 73.9s elapsed, 174.92 docs/s
[batch 405] 12960 embedded, 0 truncated, 74.1s elapsed, 174.93 docs/s
[batch 406] 12992 embedded, 0 truncated, 74.2s elapsed, 175.04 docs/s
[batch 407] 13024 embedded, 0 truncated, 74.4s elapsed, 175.01 docs/s
[batch 408] 13056 embedded, 0 truncated, 74.6s elapsed, 175.09 docs/s
[batch 409] 13088 embedded, 0 truncated, 74.9s elapsed, 174.83 docs/s
[batch 410] 13120 embedded, 0 truncated, 75.0s elapsed, 174.91 docs/s
[batch 411] 13152 embedded, 0 truncated, 75.2s elapsed, 174.89 docs/s
[batch 412] 13184 embedded, 0 truncated, 75.4s elapsed, 174.92 docs/s
[batch 413] 13216 embedded, 0 truncated, 75.5s elapsed, 174.98 docs/s
[batch 414] 13248 embedded, 0 truncated, 75.7s elapsed, 175.01 docs/s
[batch 415] 13280 embedded, 0 truncated, 75.9s elapsed, 174.91 docs/s
[batch 416] 13312 embedded, 0 truncated, 76.1s elapsed, 174.90 docs/s
[batch 417] 13344 embedded, 0 truncated, 76.3s elapsed, 174.93 docs/s
[batch 418] 13376 embedded, 0 truncated, 76.4s elapsed, 175.00 docs/s
[batch 419] 13408 embedded, 0 truncated, 76.6s elapsed, 175.08 docs/s
[batch 420] 13440 embedded, 0 truncated, 76.8s elapsed, 174.95 docs/s
[batch 421] 13472 embedded, 0 truncated, 77.0s elapsed, 175.04 docs/s
[batch 422] 13504 embedded, 0 truncated, 77.1s elapsed, 175.04 docs/s
[batch 423] 13536 embedded, 0 truncated, 77.4s elapsed, 174.80 docs/s
[batch 424] 13568 embedded, 0 truncated, 77.6s elapsed, 174.80 docs/s
[batch 425] 13600 embedded, 0 truncated, 77.8s elapsed, 174.80 docs/s
[batch 426] 13632 embedded, 0 truncated, 78.0s elapsed, 174.83 docs/s
[batch 427] 13664 embedded, 0 truncated, 78.4s elapsed, 174.21 docs/s
[batch 428] 13696 embedded, 0 truncated, 78.6s elapsed, 174.19 docs/s
[batch 429] 13728 embedded, 0 truncated, 79.0s elapsed, 173.77 docs/s
[batch 430] 13760 embedded, 0 truncated, 79.1s elapsed, 173.85 docs/s
[batch 431] 13792 embedded, 0 truncated, 79.3s elapsed, 173.91 docs/s
[batch 432] 13824 embedded, 0 truncated, 79.5s elapsed, 173.92 docs/s
[batch 433] 13856 embedded, 0 truncated, 79.6s elapsed, 174.00 docs/s
[batch 434] 13888 embedded, 0 truncated, 79.8s elapsed, 174.08 docs/s
[batch 435] 13920 embedded, 0 truncated, 80.0s elapsed, 173.98 docs/s
[batch 436] 13952 embedded, 0 truncated, 80.2s elapsed, 173.88 docs/s
[batch 437] 13984 embedded, 0 truncated, 80.5s elapsed, 173.81 docs/s
[batch 438] 14016 embedded, 0 truncated, 80.6s elapsed, 173.84 docs/s
[batch 439] 14048 embedded, 0 truncated, 80.8s elapsed, 173.90 docs/s
[batch 440] 14080 embedded, 0 truncated, 80.9s elapsed, 173.96 docs/s
[batch 441] 14112 embedded, 0 truncated, 81.1s elapsed, 173.96 docs/s
[batch 442] 14144 embedded, 0 truncated, 81.4s elapsed, 173.75 docs/s
[batch 443] 14176 embedded, 0 truncated, 81.6s elapsed, 173.73 docs/s
[batch 444] 14208 embedded, 0 truncated, 81.8s elapsed, 173.69 docs/s
[batch 445] 14240 embedded, 0 truncated, 81.9s elapsed, 173.78 docs/s
[batch 446] 14272 embedded, 0 truncated, 82.1s elapsed, 173.84 docs/s
[batch 447] 14304 embedded, 0 truncated, 82.3s elapsed, 173.84 docs/s
[batch 448] 14336 embedded, 0 truncated, 82.4s elapsed, 173.89 docs/s
[batch 449] 14368 embedded, 0 truncated, 82.6s elapsed, 173.92 docs/s
[batch 450] 14400 embedded, 0 truncated, 82.8s elapsed, 173.91 docs/s
[batch 451] 14432 embedded, 0 truncated, 83.0s elapsed, 173.94 docs/s
[batch 452] 14464 embedded, 0 truncated, 83.2s elapsed, 173.84 docs/s
[batch 453] 14496 embedded, 0 truncated, 83.4s elapsed, 173.78 docs/s
[batch 454] 14528 embedded, 0 truncated, 83.6s elapsed, 173.79 docs/s
[batch 455] 14560 embedded, 0 truncated, 83.8s elapsed, 173.84 docs/s
[batch 456] 14592 embedded, 0 truncated, 83.9s elapsed, 173.87 docs/s
[batch 457] 14624 embedded, 0 truncated, 84.1s elapsed, 173.93 docs/s
[batch 458] 14656 embedded, 0 truncated, 84.2s elapsed, 173.98 docs/s
[batch 459] 14688 embedded, 0 truncated, 84.4s elapsed, 174.01 docs/s
[batch 460] 14720 embedded, 0 truncated, 84.6s elapsed, 174.09 docs/s
[batch 461] 14752 embedded, 0 truncated, 84.7s elapsed, 174.14 docs/s
[batch 462] 14784 embedded, 0 truncated, 84.9s elapsed, 174.15 docs/s
[batch 463] 14816 embedded, 0 truncated, 85.0s elapsed, 174.20 docs/s
[batch 464] 14848 embedded, 0 truncated, 85.2s elapsed, 174.24 docs/s
[batch 465] 14880 embedded, 0 truncated, 85.4s elapsed, 174.29 docs/s
[batch 466] 14912 embedded, 0 truncated, 85.6s elapsed, 174.27 docs/s
[batch 467] 14944 embedded, 0 truncated, 85.7s elapsed, 174.32 docs/s
[batch 468] 14976 embedded, 0 truncated, 85.9s elapsed, 174.33 docs/s
[batch 469] 15008 embedded, 0 truncated, 86.1s elapsed, 174.36 docs/s
[batch 470] 15040 embedded, 0 truncated, 86.2s elapsed, 174.41 docs/s
[batch 471] 15072 embedded, 0 truncated, 86.5s elapsed, 174.34 docs/s
[batch 472] 15104 embedded, 0 truncated, 86.7s elapsed, 174.18 docs/s
[batch 473] 15136 embedded, 0 truncated, 86.9s elapsed, 174.16 docs/s
[batch 474] 15168 embedded, 0 truncated, 87.2s elapsed, 173.86 docs/s
[batch 475] 15200 embedded, 0 truncated, 87.5s elapsed, 173.72 docs/s
[batch 476] 15232 embedded, 0 truncated, 87.7s elapsed, 173.75 docs/s
[batch 477] 15264 embedded, 0 truncated, 87.9s elapsed, 173.68 docs/s
[batch 478] 15296 embedded, 0 truncated, 88.1s elapsed, 173.69 docs/s
[batch 479] 15328 embedded, 0 truncated, 88.2s elapsed, 173.70 docs/s
[batch 480] 15360 embedded, 0 truncated, 88.4s elapsed, 173.73 docs/s
[batch 481] 15392 embedded, 0 truncated, 88.6s elapsed, 173.69 docs/s
[batch 482] 15424 embedded, 0 truncated, 88.8s elapsed, 173.65 docs/s
[batch 483] 15456 embedded, 0 truncated, 89.1s elapsed, 173.49 docs/s
[batch 484] 15488 embedded, 0 truncated, 89.3s elapsed, 173.45 docs/s
[batch 485] 15520 embedded, 0 truncated, 89.5s elapsed, 173.43 docs/s
[batch 486] 15552 embedded, 0 truncated, 89.9s elapsed, 173.07 docs/s
[batch 487] 15584 embedded, 0 truncated, 90.0s elapsed, 173.08 docs/s
[batch 488] 15616 embedded, 0 truncated, 90.2s elapsed, 173.13 docs/s
[batch 489] 15648 embedded, 0 truncated, 90.4s elapsed, 173.16 docs/s
[batch 490] 15680 embedded, 0 truncated, 90.7s elapsed, 172.95 docs/s
[batch 491] 15712 embedded, 0 truncated, 91.0s elapsed, 172.70 docs/s
[batch 492] 15744 embedded, 0 truncated, 91.1s elapsed, 172.80 docs/s
[batch 493] 15776 embedded, 0 truncated, 91.3s elapsed, 172.79 docs/s
[batch 494] 15808 embedded, 0 truncated, 91.5s elapsed, 172.77 docs/s
[batch 495] 15840 embedded, 0 truncated, 91.7s elapsed, 172.71 docs/s
[batch 496] 15872 embedded, 0 truncated, 91.9s elapsed, 172.67 docs/s
[batch 497] 15904 embedded, 0 truncated, 92.1s elapsed, 172.61 docs/s
[batch 498] 15936 embedded, 0 truncated, 92.3s elapsed, 172.68 docs/s
[batch 499] 15968 embedded, 0 truncated, 92.4s elapsed, 172.73 docs/s
[batch 500] 16000 embedded, 0 truncated, 92.6s elapsed, 172.78 docs/s
[batch 501] 16032 embedded, 0 truncated, 92.8s elapsed, 172.83 docs/s
[batch 502] 16064 embedded, 0 truncated, 93.0s elapsed, 172.73 docs/s
[batch 503] 16096 embedded, 0 truncated, 93.2s elapsed, 172.69 docs/s
[batch 504] 16128 embedded, 0 truncated, 93.4s elapsed, 172.68 docs/s
[batch 505] 16160 embedded, 0 truncated, 93.5s elapsed, 172.75 docs/s
[batch 506] 16192 embedded, 0 truncated, 93.7s elapsed, 172.76 docs/s
[batch 507] 16224 embedded, 0 truncated, 93.9s elapsed, 172.79 docs/s
[batch 508] 16256 embedded, 0 truncated, 94.1s elapsed, 172.84 docs/s
[batch 509] 16288 embedded, 0 truncated, 94.2s elapsed, 172.86 docs/s
[batch 510] 16320 embedded, 0 truncated, 94.4s elapsed, 172.83 docs/s
[batch 511] 16352 embedded, 0 truncated, 94.6s elapsed, 172.86 docs/s
[batch 512] 16384 embedded, 0 truncated, 94.8s elapsed, 172.90 docs/s
[batch 513] 16416 embedded, 0 truncated, 95.0s elapsed, 172.87 docs/s
[batch 514] 16448 embedded, 0 truncated, 95.1s elapsed, 172.88 docs/s
[batch 515] 16480 embedded, 0 truncated, 95.3s elapsed, 172.93 docs/s
[batch 516] 16512 embedded, 0 truncated, 95.5s elapsed, 172.95 docs/s
[batch 517] 16544 embedded, 0 truncated, 95.6s elapsed, 173.02 docs/s
[batch 518] 16576 embedded, 0 truncated, 95.8s elapsed, 173.05 docs/s
[batch 519] 16608 embedded, 0 truncated, 96.0s elapsed, 172.95 docs/s
[batch 520] 16640 embedded, 0 truncated, 96.2s elapsed, 172.89 docs/s
[batch 521] 16672 embedded, 0 truncated, 96.4s elapsed, 172.92 docs/s
[batch 522] 16704 embedded, 0 truncated, 96.6s elapsed, 172.84 docs/s
[batch 523] 16736 embedded, 0 truncated, 96.8s elapsed, 172.81 docs/s
[batch 524] 16768 embedded, 0 truncated, 97.0s elapsed, 172.83 docs/s
[batch 525] 16800 embedded, 0 truncated, 97.2s elapsed, 172.90 docs/s
[batch 526] 16832 embedded, 0 truncated, 97.4s elapsed, 172.76 docs/s
[batch 527] 16864 embedded, 0 truncated, 97.6s elapsed, 172.82 docs/s
[batch 528] 16896 embedded, 0 truncated, 97.8s elapsed, 172.83 docs/s
[batch 529] 16928 embedded, 0 truncated, 98.0s elapsed, 172.80 docs/s
[batch 530] 16960 embedded, 0 truncated, 98.1s elapsed, 172.80 docs/s
[batch 531] 16992 embedded, 0 truncated, 98.3s elapsed, 172.83 docs/s
[batch 532] 17024 embedded, 0 truncated, 98.5s elapsed, 172.80 docs/s
[batch 533] 17056 embedded, 0 truncated, 98.7s elapsed, 172.80 docs/s
[batch 534] 17088 embedded, 0 truncated, 98.9s elapsed, 172.83 docs/s
[batch 535] 17120 embedded, 0 truncated, 99.0s elapsed, 172.86 docs/s
[batch 536] 17152 embedded, 0 truncated, 99.4s elapsed, 172.56 docs/s
[batch 537] 17184 embedded, 0 truncated, 99.6s elapsed, 172.56 docs/s
[batch 538] 17216 embedded, 0 truncated, 99.8s elapsed, 172.53 docs/s
[batch 539] 17248 embedded, 0 truncated, 100.1s elapsed, 172.31 docs/s
[batch 540] 17280 embedded, 0 truncated, 100.3s elapsed, 172.27 docs/s
[batch 541] 17312 embedded, 0 truncated, 100.5s elapsed, 172.32 docs/s
[batch 542] 17344 embedded, 0 truncated, 100.6s elapsed, 172.39 docs/s
[batch 543] 17376 embedded, 0 truncated, 100.9s elapsed, 172.25 docs/s
[batch 544] 17408 embedded, 0 truncated, 101.1s elapsed, 172.23 docs/s
[batch 545] 17440 embedded, 0 truncated, 101.3s elapsed, 172.22 docs/s
[batch 546] 17472 embedded, 0 truncated, 101.4s elapsed, 172.28 docs/s
[batch 547] 17504 embedded, 0 truncated, 101.6s elapsed, 172.21 docs/s
[batch 548] 17536 embedded, 0 truncated, 101.8s elapsed, 172.26 docs/s
[batch 549] 17568 embedded, 0 truncated, 102.0s elapsed, 172.28 docs/s
[batch 550] 17600 embedded, 0 truncated, 102.2s elapsed, 172.25 docs/s
[batch 551] 17632 embedded, 0 truncated, 102.3s elapsed, 172.28 docs/s
[batch 552] 17664 embedded, 0 truncated, 102.5s elapsed, 172.29 docs/s
[batch 553] 17696 embedded, 0 truncated, 102.7s elapsed, 172.35 docs/s
[batch 554] 17728 embedded, 0 truncated, 102.8s elapsed, 172.38 docs/s
[batch 555] 17760 embedded, 0 truncated, 103.0s elapsed, 172.42 docs/s
[batch 556] 17792 embedded, 0 truncated, 103.2s elapsed, 172.41 docs/s
[batch 557] 17824 embedded, 0 truncated, 103.3s elapsed, 172.47 docs/s
[batch 558] 17856 embedded, 0 truncated, 103.5s elapsed, 172.54 docs/s
[batch 559] 17888 embedded, 0 truncated, 103.7s elapsed, 172.51 docs/s
[batch 560] 17920 embedded, 0 truncated, 103.9s elapsed, 172.47 docs/s
[batch 561] 17952 embedded, 0 truncated, 104.3s elapsed, 172.12 docs/s
[batch 562] 17984 embedded, 0 truncated, 104.5s elapsed, 172.17 docs/s
[batch 563] 18016 embedded, 0 truncated, 104.6s elapsed, 172.20 docs/s
[batch 564] 18048 embedded, 0 truncated, 104.9s elapsed, 172.08 docs/s
[batch 565] 18080 embedded, 0 truncated, 105.0s elapsed, 172.12 docs/s
[batch 566] 18112 embedded, 0 truncated, 105.3s elapsed, 172.03 docs/s
[batch 567] 18144 embedded, 0 truncated, 105.5s elapsed, 172.04 docs/s
[batch 568] 18176 embedded, 0 truncated, 105.6s elapsed, 172.04 docs/s
[batch 569] 18208 embedded, 0 truncated, 105.8s elapsed, 172.07 docs/s
[batch 570] 18240 embedded, 0 truncated, 106.0s elapsed, 172.02 docs/s
[batch 571] 18272 embedded, 0 truncated, 106.2s elapsed, 172.04 docs/s
[batch 572] 18304 embedded, 0 truncated, 106.4s elapsed, 172.09 docs/s
[batch 573] 18336 embedded, 0 truncated, 106.6s elapsed, 172.04 docs/s
[batch 574] 18368 embedded, 0 truncated, 106.9s elapsed, 171.87 docs/s
[batch 575] 18400 embedded, 0 truncated, 107.0s elapsed, 171.91 docs/s
[batch 576] 18432 embedded, 0 truncated, 107.2s elapsed, 171.92 docs/s
[batch 577] 18464 embedded, 0 truncated, 107.4s elapsed, 171.86 docs/s
[batch 578] 18496 embedded, 0 truncated, 107.6s elapsed, 171.91 docs/s
[batch 579] 18528 embedded, 0 truncated, 107.9s elapsed, 171.79 docs/s
[batch 580] 18560 embedded, 0 truncated, 108.1s elapsed, 171.70 docs/s
[batch 581] 18592 embedded, 0 truncated, 108.3s elapsed, 171.74 docs/s
[batch 582] 18624 embedded, 0 truncated, 108.4s elapsed, 171.73 docs/s
[batch 583] 18656 embedded, 0 truncated, 108.6s elapsed, 171.76 docs/s
[batch 584] 18688 embedded, 0 truncated, 109.0s elapsed, 171.51 docs/s
[batch 585] 18720 embedded, 0 truncated, 109.1s elapsed, 171.52 docs/s
[batch 586] 18752 embedded, 0 truncated, 109.3s elapsed, 171.53 docs/s
[batch 587] 18784 embedded, 0 truncated, 109.5s elapsed, 171.57 docs/s
[batch 588] 18816 embedded, 0 truncated, 109.7s elapsed, 171.60 docs/s
[batch 589] 18848 embedded, 0 truncated, 109.8s elapsed, 171.60 docs/s
[batch 590] 18880 embedded, 0 truncated, 110.0s elapsed, 171.65 docs/s
[batch 591] 18912 embedded, 0 truncated, 110.2s elapsed, 171.67 docs/s
[batch 592] 18944 embedded, 0 truncated, 110.5s elapsed, 171.48 docs/s
[batch 593] 18976 embedded, 0 truncated, 110.6s elapsed, 171.51 docs/s
[batch 594] 19008 embedded, 0 truncated, 110.8s elapsed, 171.55 docs/s
[batch 595] 19040 embedded, 0 truncated, 111.0s elapsed, 171.55 docs/s
[batch 596] 19072 embedded, 0 truncated, 111.1s elapsed, 171.60 docs/s
[batch 597] 19104 embedded, 0 truncated, 111.3s elapsed, 171.58 docs/s
[batch 598] 19136 embedded, 0 truncated, 111.6s elapsed, 171.50 docs/s
[batch 599] 19168 embedded, 0 truncated, 111.8s elapsed, 171.50 docs/s
[batch 600] 19200 embedded, 0 truncated, 112.0s elapsed, 171.47 docs/s
[batch 601] 19232 embedded, 0 truncated, 112.2s elapsed, 171.42 docs/s
[batch 602] 19264 embedded, 0 truncated, 112.4s elapsed, 171.45 docs/s
[batch 603] 19296 embedded, 0 truncated, 112.6s elapsed, 171.40 docs/s
[batch 604] 19328 embedded, 0 truncated, 112.8s elapsed, 171.42 docs/s
[batch 605] 19360 embedded, 0 truncated, 113.0s elapsed, 171.26 docs/s
[batch 606] 19392 embedded, 0 truncated, 113.2s elapsed, 171.34 docs/s
[batch 607] 19424 embedded, 0 truncated, 113.4s elapsed, 171.27 docs/s
[batch 608] 19456 embedded, 0 truncated, 113.6s elapsed, 171.26 docs/s
[batch 609] 19488 embedded, 0 truncated, 113.8s elapsed, 171.27 docs/s
[batch 610] 19520 embedded, 0 truncated, 113.9s elapsed, 171.31 docs/s
[batch 611] 19552 embedded, 0 truncated, 114.2s elapsed, 171.27 docs/s
[batch 612] 19584 embedded, 0 truncated, 114.4s elapsed, 171.23 docs/s
[batch 613] 19616 embedded, 0 truncated, 114.6s elapsed, 171.24 docs/s
[batch 614] 19648 embedded, 0 truncated, 114.7s elapsed, 171.23 docs/s
[batch 615] 19680 embedded, 0 truncated, 115.0s elapsed, 171.12 docs/s
[batch 616] 19712 embedded, 0 truncated, 115.2s elapsed, 171.06 docs/s
[batch 617] 19744 embedded, 0 truncated, 115.5s elapsed, 171.02 docs/s
[batch 618] 19776 embedded, 0 truncated, 115.7s elapsed, 170.96 docs/s
[batch 619] 19808 embedded, 0 truncated, 116.0s elapsed, 170.74 docs/s
[batch 620] 19840 embedded, 0 truncated, 116.3s elapsed, 170.62 docs/s
[batch 621] 19872 embedded, 0 truncated, 116.5s elapsed, 170.55 docs/s
[batch 622] 19904 embedded, 0 truncated, 116.7s elapsed, 170.54 docs/s
[batch 623] 19936 embedded, 0 truncated, 116.9s elapsed, 170.49 docs/s
[batch 624] 19968 embedded, 0 truncated, 117.1s elapsed, 170.57 docs/s
[batch 625] 20000 embedded, 0 truncated, 117.2s elapsed, 170.60 docs/s
[batch 626] 20032 embedded, 0 truncated, 117.5s elapsed, 170.54 docs/s
[batch 627] 20064 embedded, 0 truncated, 117.6s elapsed, 170.62 docs/s
[batch 628] 20096 embedded, 0 truncated, 117.7s elapsed, 170.70 docs/s
[batch 629] 20128 embedded, 0 truncated, 117.9s elapsed, 170.66 docs/s
[batch 630] 20160 embedded, 0 truncated, 118.1s elapsed, 170.67 docs/s
[batch 631] 20192 embedded, 0 truncated, 118.4s elapsed, 170.55 docs/s
[batch 632] 20224 embedded, 0 truncated, 118.7s elapsed, 170.40 docs/s
[batch 633] 20256 embedded, 0 truncated, 118.9s elapsed, 170.40 docs/s
[batch 634] 20288 embedded, 0 truncated, 119.0s elapsed, 170.44 docs/s
[batch 635] 20320 embedded, 0 truncated, 119.3s elapsed, 170.34 docs/s
[batch 636] 20352 embedded, 0 truncated, 119.5s elapsed, 170.35 docs/s
[batch 637] 20384 embedded, 0 truncated, 119.7s elapsed, 170.36 docs/s
[batch 638] 20416 embedded, 0 truncated, 119.8s elapsed, 170.35 docs/s
[batch 639] 20448 embedded, 0 truncated, 120.0s elapsed, 170.40 docs/s
[batch 640] 20480 embedded, 0 truncated, 120.2s elapsed, 170.41 docs/s
[batch 641] 20512 embedded, 0 truncated, 120.3s elapsed, 170.45 docs/s
[batch 642] 20544 embedded, 0 truncated, 120.5s elapsed, 170.43 docs/s
[batch 643] 20576 embedded, 0 truncated, 120.9s elapsed, 170.15 docs/s
[batch 644] 20608 embedded, 0 truncated, 121.2s elapsed, 169.98 docs/s
[batch 645] 20640 embedded, 0 truncated, 121.4s elapsed, 170.03 docs/s
[batch 646] 20672 embedded, 0 truncated, 121.6s elapsed, 170.00 docs/s
[batch 647] 20704 embedded, 0 truncated, 121.7s elapsed, 170.08 docs/s
[batch 648] 20736 embedded, 0 truncated, 121.9s elapsed, 170.08 docs/s
[batch 649] 20768 embedded, 0 truncated, 122.1s elapsed, 170.06 docs/s
[batch 650] 20800 embedded, 0 truncated, 122.3s elapsed, 170.10 docs/s
[batch 651] 20832 embedded, 0 truncated, 122.6s elapsed, 169.92 docs/s
[batch 652] 20864 embedded, 0 truncated, 122.7s elapsed, 169.98 docs/s
[batch 653] 20896 embedded, 0 truncated, 122.9s elapsed, 170.01 docs/s
[batch 654] 20928 embedded, 0 truncated, 123.1s elapsed, 170.05 docs/s
[batch 655] 20960 embedded, 0 truncated, 123.2s elapsed, 170.09 docs/s
[batch 656] 20992 embedded, 0 truncated, 123.4s elapsed, 170.10 docs/s
[batch 657] 21024 embedded, 0 truncated, 123.6s elapsed, 170.10 docs/s
[batch 658] 21056 embedded, 0 truncated, 123.8s elapsed, 170.08 docs/s
[batch 659] 21088 embedded, 0 truncated, 124.0s elapsed, 170.13 docs/s
[batch 660] 21120 embedded, 0 truncated, 124.1s elapsed, 170.17 docs/s
[batch 661] 21152 embedded, 0 truncated, 124.3s elapsed, 170.16 docs/s
[batch 662] 21184 embedded, 0 truncated, 124.5s elapsed, 170.14 docs/s
[batch 663] 21216 embedded, 0 truncated, 124.7s elapsed, 170.08 docs/s
[batch 664] 21248 embedded, 0 truncated, 124.9s elapsed, 170.07 docs/s
[batch 665] 21280 embedded, 0 truncated, 125.3s elapsed, 169.88 docs/s
[batch 666] 21312 embedded, 0 truncated, 125.5s elapsed, 169.87 docs/s
[batch 667] 21344 embedded, 0 truncated, 125.7s elapsed, 169.82 docs/s
[batch 668] 21376 embedded, 0 truncated, 126.0s elapsed, 169.68 docs/s
[batch 669] 21408 embedded, 0 truncated, 126.1s elapsed, 169.70 docs/s
[batch 670] 21440 embedded, 0 truncated, 126.3s elapsed, 169.72 docs/s
[batch 671] 21472 embedded, 0 truncated, 126.5s elapsed, 169.72 docs/s
[batch 672] 21504 embedded, 0 truncated, 126.7s elapsed, 169.75 docs/s
[batch 673] 21536 embedded, 0 truncated, 126.8s elapsed, 169.79 docs/s
[batch 674] 21568 embedded, 0 truncated, 127.1s elapsed, 169.75 docs/s
[batch 675] 21600 embedded, 0 truncated, 127.2s elapsed, 169.79 docs/s
[batch 676] 21632 embedded, 0 truncated, 127.4s elapsed, 169.84 docs/s
[batch 677] 21664 embedded, 0 truncated, 127.5s elapsed, 169.87 docs/s
[batch 678] 21696 embedded, 0 truncated, 127.9s elapsed, 169.57 docs/s
[batch 679] 21728 embedded, 0 truncated, 128.1s elapsed, 169.61 docs/s
[batch 680] 21760 embedded, 0 truncated, 128.3s elapsed, 169.62 docs/s
[batch 681] 21792 embedded, 0 truncated, 128.5s elapsed, 169.63 docs/s
[batch 682] 21824 embedded, 0 truncated, 128.6s elapsed, 169.70 docs/s
[batch 683] 21856 embedded, 0 truncated, 128.8s elapsed, 169.73 docs/s
[batch 684] 21888 embedded, 0 truncated, 129.0s elapsed, 169.74 docs/s
[batch 685] 21920 embedded, 0 truncated, 129.1s elapsed, 169.78 docs/s
[batch 686] 21952 embedded, 0 truncated, 129.3s elapsed, 169.78 docs/s
[batch 687] 21984 embedded, 0 truncated, 129.5s elapsed, 169.81 docs/s
[batch 688] 22016 embedded, 0 truncated, 129.7s elapsed, 169.68 docs/s
[batch 689] 22048 embedded, 0 truncated, 129.9s elapsed, 169.69 docs/s
[batch 690] 22080 embedded, 0 truncated, 130.1s elapsed, 169.68 docs/s
[batch 691] 22112 embedded, 0 truncated, 130.3s elapsed, 169.76 docs/s
[batch 692] 22144 embedded, 0 truncated, 130.4s elapsed, 169.77 docs/s
[batch 693] 22176 embedded, 0 truncated, 130.8s elapsed, 169.58 docs/s
[batch 694] 22208 embedded, 0 truncated, 131.0s elapsed, 169.59 docs/s
[batch 695] 22240 embedded, 0 truncated, 131.1s elapsed, 169.60 docs/s
[batch 696] 22272 embedded, 0 truncated, 131.3s elapsed, 169.62 docs/s
[batch 697] 22304 embedded, 0 truncated, 131.4s elapsed, 169.68 docs/s
[batch 698] 22336 embedded, 0 truncated, 131.8s elapsed, 169.51 docs/s
[batch 699] 22368 embedded, 0 truncated, 132.0s elapsed, 169.51 docs/s
[batch 700] 22400 embedded, 0 truncated, 132.1s elapsed, 169.53 docs/s
[batch 701] 22432 embedded, 0 truncated, 132.4s elapsed, 169.44 docs/s
[batch 702] 22464 embedded, 0 truncated, 132.6s elapsed, 169.45 docs/s
[batch 703] 22496 embedded, 0 truncated, 132.7s elapsed, 169.49 docs/s
[batch 704] 22528 embedded, 0 truncated, 132.9s elapsed, 169.53 docs/s
[batch 705] 22560 embedded, 0 truncated, 133.2s elapsed, 169.38 docs/s
[batch 706] 22592 embedded, 0 truncated, 133.4s elapsed, 169.33 docs/s
[batch 707] 22624 embedded, 0 truncated, 133.6s elapsed, 169.33 docs/s
[batch 708] 22656 embedded, 0 truncated, 133.8s elapsed, 169.35 docs/s
[batch 709] 22688 embedded, 0 truncated, 134.0s elapsed, 169.30 docs/s
[batch 710] 22720 embedded, 0 truncated, 134.2s elapsed, 169.25 docs/s
[batch 711] 22752 embedded, 0 truncated, 134.4s elapsed, 169.28 docs/s
[batch 712] 22784 embedded, 0 truncated, 134.6s elapsed, 169.22 docs/s
[batch 713] 22816 embedded, 0 truncated, 134.9s elapsed, 169.17 docs/s
[batch 714] 22848 embedded, 0 truncated, 135.1s elapsed, 169.18 docs/s
[batch 715] 22880 embedded, 0 truncated, 135.3s elapsed, 169.15 docs/s
[batch 716] 22912 embedded, 0 truncated, 135.4s elapsed, 169.22 docs/s
[batch 717] 22944 embedded, 0 truncated, 135.6s elapsed, 169.25 docs/s
[batch 718] 22976 embedded, 0 truncated, 135.7s elapsed, 169.32 docs/s
[batch 719] 23008 embedded, 0 truncated, 135.8s elapsed, 169.39 docs/s
[batch 720] 23040 embedded, 0 truncated, 136.0s elapsed, 169.42 docs/s
[batch 721] 23072 embedded, 0 truncated, 136.2s elapsed, 169.35 docs/s
[batch 722] 23104 embedded, 0 truncated, 136.4s elapsed, 169.33 docs/s
[batch 723] 23136 embedded, 0 truncated, 136.6s elapsed, 169.38 docs/s
[batch 724] 23168 embedded, 0 truncated, 136.7s elapsed, 169.42 docs/s
[batch 725] 23200 embedded, 0 truncated, 136.9s elapsed, 169.43 docs/s
[batch 726] 23232 embedded, 0 truncated, 137.1s elapsed, 169.46 docs/s
[batch 727] 23264 embedded, 0 truncated, 137.3s elapsed, 169.48 docs/s
[batch 728] 23296 embedded, 0 truncated, 137.4s elapsed, 169.50 docs/s
[batch 729] 23328 embedded, 0 truncated, 137.6s elapsed, 169.50 docs/s
[batch 730] 23360 embedded, 0 truncated, 137.9s elapsed, 169.40 docs/s
[batch 731] 23392 embedded, 0 truncated, 138.1s elapsed, 169.42 docs/s
[batch 732] 23424 embedded, 0 truncated, 138.3s elapsed, 169.39 docs/s
[batch 733] 23456 embedded, 0 truncated, 138.5s elapsed, 169.42 docs/s
[batch 734] 23488 embedded, 0 truncated, 138.7s elapsed, 169.30 docs/s
[batch 735] 23520 embedded, 0 truncated, 138.9s elapsed, 169.34 docs/s
[batch 736] 23552 embedded, 0 truncated, 139.1s elapsed, 169.35 docs/s
[batch 737] 23584 embedded, 0 truncated, 139.2s elapsed, 169.43 docs/s
[batch 738] 23616 embedded, 0 truncated, 139.5s elapsed, 169.27 docs/s
[batch 739] 23648 embedded, 0 truncated, 139.7s elapsed, 169.25 docs/s
[batch 740] 23680 embedded, 0 truncated, 139.9s elapsed, 169.26 docs/s
[batch 741] 23712 embedded, 0 truncated, 140.0s elapsed, 169.33 docs/s
[batch 742] 23744 embedded, 0 truncated, 140.2s elapsed, 169.37 docs/s
[batch 743] 23776 embedded, 0 truncated, 140.4s elapsed, 169.38 docs/s
[batch 744] 23808 embedded, 0 truncated, 140.6s elapsed, 169.39 docs/s
[batch 745] 23840 embedded, 0 truncated, 140.9s elapsed, 169.25 docs/s
[batch 746] 23872 embedded, 0 truncated, 141.1s elapsed, 169.20 docs/s
[batch 747] 23904 embedded, 0 truncated, 141.3s elapsed, 169.19 docs/s
[batch 748] 23936 embedded, 0 truncated, 141.5s elapsed, 169.14 docs/s
[batch 749] 23968 embedded, 0 truncated, 141.7s elapsed, 169.12 docs/s
[batch 750] 24000 embedded, 0 truncated, 141.9s elapsed, 169.12 docs/s
[batch 751] 24032 embedded, 0 truncated, 142.1s elapsed, 169.13 docs/s
[batch 752] 24064 embedded, 0 truncated, 142.3s elapsed, 169.15 docs/s
[batch 753] 24096 embedded, 0 truncated, 142.5s elapsed, 169.11 docs/s
[batch 754] 24128 embedded, 0 truncated, 142.7s elapsed, 169.09 docs/s
[batch 755] 24160 embedded, 0 truncated, 142.9s elapsed, 169.09 docs/s
[batch 756] 24192 embedded, 0 truncated, 143.0s elapsed, 169.12 docs/s
[batch 757] 24224 embedded, 0 truncated, 143.2s elapsed, 169.14 docs/s
[batch 758] 24256 embedded, 0 truncated, 143.5s elapsed, 169.06 docs/s
[batch 759] 24288 embedded, 0 truncated, 143.7s elapsed, 169.07 docs/s
[batch 760] 24320 embedded, 0 truncated, 143.8s elapsed, 169.10 docs/s
[batch 761] 24352 embedded, 0 truncated, 144.0s elapsed, 169.06 docs/s
[batch 762] 24384 embedded, 0 truncated, 144.2s elapsed, 169.08 docs/s
[batch 763] 24416 embedded, 0 truncated, 144.4s elapsed, 169.10 docs/s
[batch 764] 24448 embedded, 0 truncated, 144.6s elapsed, 169.10 docs/s
[batch 765] 24480 embedded, 0 truncated, 144.9s elapsed, 168.96 docs/s
[batch 766] 24512 embedded, 0 truncated, 145.1s elapsed, 168.97 docs/s
[batch 767] 24544 embedded, 0 truncated, 145.2s elapsed, 168.99 docs/s
[batch 768] 24576 embedded, 0 truncated, 145.4s elapsed, 169.00 docs/s
[batch 769] 24608 embedded, 0 truncated, 145.6s elapsed, 169.03 docs/s
[batch 770] 24640 embedded, 0 truncated, 145.8s elapsed, 169.06 docs/s
[batch 771] 24672 embedded, 0 truncated, 146.0s elapsed, 169.02 docs/s
[batch 772] 24704 embedded, 0 truncated, 146.2s elapsed, 169.01 docs/s
[batch 773] 24736 embedded, 0 truncated, 146.4s elapsed, 168.96 docs/s
[batch 774] 24768 embedded, 0 truncated, 146.7s elapsed, 168.83 docs/s
[batch 775] 24800 embedded, 0 truncated, 146.9s elapsed, 168.86 docs/s
[batch 776] 24832 embedded, 0 truncated, 147.1s elapsed, 168.86 docs/s
[batch 777] 24864 embedded, 0 truncated, 147.2s elapsed, 168.88 docs/s
[batch 778] 24896 embedded, 0 truncated, 147.4s elapsed, 168.89 docs/s
[batch 779] 24928 embedded, 0 truncated, 147.7s elapsed, 168.83 docs/s
[batch 780] 24960 embedded, 0 truncated, 147.9s elapsed, 168.75 docs/s
[batch 781] 24992 embedded, 0 truncated, 148.1s elapsed, 168.74 docs/s
[batch 782] 25024 embedded, 0 truncated, 148.3s elapsed, 168.71 docs/s
[batch 783] 25056 embedded, 0 truncated, 148.5s elapsed, 168.69 docs/s
[batch 784] 25088 embedded, 0 truncated, 148.7s elapsed, 168.71 docs/s
[batch 785] 25120 embedded, 0 truncated, 148.9s elapsed, 168.75 docs/s
[batch 786] 25152 embedded, 0 truncated, 149.1s elapsed, 168.72 docs/s
[batch 787] 25184 embedded, 0 truncated, 149.3s elapsed, 168.67 docs/s
[batch 788] 25216 embedded, 0 truncated, 149.5s elapsed, 168.67 docs/s
[batch 789] 25248 embedded, 0 truncated, 149.7s elapsed, 168.70 docs/s
[batch 790] 25280 embedded, 0 truncated, 149.9s elapsed, 168.65 docs/s
[batch 791] 25312 embedded, 0 truncated, 150.1s elapsed, 168.66 docs/s
[batch 792] 25344 embedded, 0 truncated, 150.3s elapsed, 168.65 docs/s
[batch 793] 25376 embedded, 0 truncated, 150.5s elapsed, 168.66 docs/s
[batch 794] 25408 embedded, 0 truncated, 150.6s elapsed, 168.68 docs/s
[batch 795] 25440 embedded, 0 truncated, 150.8s elapsed, 168.66 docs/s
[batch 796] 25472 embedded, 0 truncated, 151.1s elapsed, 168.63 docs/s
[batch 797] 25504 embedded, 0 truncated, 151.2s elapsed, 168.68 docs/s
[batch 798] 25536 embedded, 0 truncated, 151.4s elapsed, 168.67 docs/s
[batch 799] 25568 embedded, 0 truncated, 151.6s elapsed, 168.65 docs/s
[batch 800] 25600 embedded, 0 truncated, 151.8s elapsed, 168.60 docs/s
[batch 801] 25632 embedded, 0 truncated, 152.0s elapsed, 168.61 docs/s
[batch 802] 25664 embedded, 0 truncated, 152.2s elapsed, 168.61 docs/s
[batch 803] 25696 embedded, 0 truncated, 152.4s elapsed, 168.60 docs/s
[batch 804] 25728 embedded, 0 truncated, 152.6s elapsed, 168.57 docs/s
[batch 805] 25760 embedded, 0 truncated, 152.8s elapsed, 168.59 docs/s
[batch 806] 25792 embedded, 0 truncated, 152.9s elapsed, 168.64 docs/s
[batch 807] 25824 embedded, 0 truncated, 153.1s elapsed, 168.64 docs/s
[batch 808] 25856 embedded, 0 truncated, 153.4s elapsed, 168.55 docs/s
[batch 809] 25888 embedded, 0 truncated, 153.6s elapsed, 168.57 docs/s
[batch 810] 25920 embedded, 0 truncated, 153.8s elapsed, 168.56 docs/s
[batch 811] 25952 embedded, 0 truncated, 154.1s elapsed, 168.46 docs/s
[batch 812] 25984 embedded, 0 truncated, 154.3s elapsed, 168.37 docs/s
[batch 813] 26016 embedded, 0 truncated, 154.5s elapsed, 168.41 docs/s
[batch 814] 26048 embedded, 0 truncated, 154.6s elapsed, 168.45 docs/s
[batch 815] 26080 embedded, 0 truncated, 154.8s elapsed, 168.44 docs/s
[batch 816] 26112 embedded, 0 truncated, 155.0s elapsed, 168.48 docs/s
[batch 817] 26144 embedded, 0 truncated, 155.2s elapsed, 168.49 docs/s
[batch 818] 26176 embedded, 0 truncated, 155.4s elapsed, 168.45 docs/s
[batch 819] 26208 embedded, 0 truncated, 155.6s elapsed, 168.47 docs/s
[batch 820] 26240 embedded, 0 truncated, 155.9s elapsed, 168.30 docs/s
[batch 821] 26272 embedded, 0 truncated, 156.1s elapsed, 168.29 docs/s
[batch 822] 26304 embedded, 0 truncated, 156.3s elapsed, 168.28 docs/s
[batch 823] 26336 embedded, 0 truncated, 156.5s elapsed, 168.33 docs/s
[batch 824] 26368 embedded, 0 truncated, 156.6s elapsed, 168.32 docs/s
[batch 825] 26400 embedded, 0 truncated, 156.8s elapsed, 168.35 docs/s
[batch 826] 26432 embedded, 0 truncated, 157.0s elapsed, 168.37 docs/s
[batch 827] 26464 embedded, 0 truncated, 157.2s elapsed, 168.37 docs/s
[batch 828] 26496 embedded, 0 truncated, 157.4s elapsed, 168.29 docs/s
[batch 829] 26528 embedded, 0 truncated, 157.6s elapsed, 168.31 docs/s
[batch 830] 26560 embedded, 0 truncated, 157.8s elapsed, 168.32 docs/s
[batch 831] 26592 embedded, 0 truncated, 158.0s elapsed, 168.35 docs/s
[batch 832] 26624 embedded, 0 truncated, 158.2s elapsed, 168.32 docs/s
[batch 833] 26656 embedded, 0 truncated, 158.4s elapsed, 168.25 docs/s
[batch 834] 26688 embedded, 0 truncated, 158.6s elapsed, 168.24 docs/s
[batch 835] 26720 embedded, 0 truncated, 158.8s elapsed, 168.22 docs/s
[batch 836] 26752 embedded, 0 truncated, 159.0s elapsed, 168.27 docs/s
[batch 837] 26784 embedded, 0 truncated, 159.2s elapsed, 168.29 docs/s
[batch 838] 26816 embedded, 0 truncated, 159.3s elapsed, 168.34 docs/s
[batch 839] 26848 embedded, 0 truncated, 159.5s elapsed, 168.37 docs/s
[batch 840] 26880 embedded, 0 truncated, 159.6s elapsed, 168.37 docs/s
[batch 841] 26912 embedded, 0 truncated, 159.9s elapsed, 168.33 docs/s
[batch 842] 26944 embedded, 0 truncated, 160.2s elapsed, 168.18 docs/s
[batch 843] 26976 embedded, 0 truncated, 160.4s elapsed, 168.18 docs/s
[batch 844] 27008 embedded, 0 truncated, 160.6s elapsed, 168.19 docs/s
[batch 845] 27040 embedded, 0 truncated, 160.7s elapsed, 168.22 docs/s
[batch 846] 27072 embedded, 0 truncated, 160.9s elapsed, 168.24 docs/s
[batch 847] 27104 embedded, 0 truncated, 161.1s elapsed, 168.25 docs/s
[batch 848] 27136 embedded, 0 truncated, 161.3s elapsed, 168.27 docs/s
[batch 849] 27168 embedded, 0 truncated, 161.4s elapsed, 168.29 docs/s
[batch 850] 27200 embedded, 0 truncated, 161.6s elapsed, 168.31 docs/s
[batch 851] 27232 embedded, 0 truncated, 161.8s elapsed, 168.31 docs/s
[batch 852] 27264 embedded, 0 truncated, 161.9s elapsed, 168.35 docs/s
[batch 853] 27296 embedded, 0 truncated, 162.1s elapsed, 168.37 docs/s
[batch 854] 27328 embedded, 0 truncated, 162.3s elapsed, 168.40 docs/s
[batch 855] 27360 embedded, 0 truncated, 162.4s elapsed, 168.44 docs/s
[batch 856] 27392 embedded, 0 truncated, 162.6s elapsed, 168.42 docs/s
[batch 857] 27424 embedded, 0 truncated, 162.8s elapsed, 168.44 docs/s
[batch 858] 27456 embedded, 0 truncated, 163.0s elapsed, 168.46 docs/s
[batch 859] 27488 embedded, 0 truncated, 163.1s elapsed, 168.49 docs/s
[batch 860] 27520 embedded, 0 truncated, 163.3s elapsed, 168.51 docs/s
[batch 861] 27552 embedded, 0 truncated, 163.6s elapsed, 168.45 docs/s
[batch 862] 27584 embedded, 0 truncated, 163.8s elapsed, 168.43 docs/s
[batch 863] 27616 embedded, 0 truncated, 163.9s elapsed, 168.45 docs/s
[batch 864] 27648 embedded, 0 truncated, 164.1s elapsed, 168.45 docs/s
[batch 865] 27680 embedded, 0 truncated, 164.3s elapsed, 168.49 docs/s
[batch 866] 27712 embedded, 0 truncated, 164.5s elapsed, 168.45 docs/s
[batch 867] 27744 embedded, 0 truncated, 164.9s elapsed, 168.29 docs/s
[batch 868] 27776 embedded, 0 truncated, 165.1s elapsed, 168.25 docs/s
[batch 869] 27808 embedded, 0 truncated, 165.2s elapsed, 168.31 docs/s
[batch 870] 27840 embedded, 0 truncated, 165.3s elapsed, 168.37 docs/s
[batch 871] 27872 embedded, 0 truncated, 165.5s elapsed, 168.41 docs/s
[batch 872] 27904 embedded, 0 truncated, 165.7s elapsed, 168.39 docs/s
[batch 873] 27936 embedded, 0 truncated, 165.9s elapsed, 168.44 docs/s
[batch 874] 27968 embedded, 0 truncated, 166.0s elapsed, 168.47 docs/s
[batch 875] 28000 embedded, 0 truncated, 166.3s elapsed, 168.42 docs/s
[batch 876] 28032 embedded, 0 truncated, 166.5s elapsed, 168.41 docs/s
[batch 877] 28064 embedded, 0 truncated, 166.6s elapsed, 168.40 docs/s
[batch 878] 28096 embedded, 0 truncated, 166.8s elapsed, 168.41 docs/s
[batch 879] 28128 embedded, 0 truncated, 167.0s elapsed, 168.42 docs/s
[batch 880] 28160 embedded, 0 truncated, 167.3s elapsed, 168.33 docs/s
[batch 881] 28192 embedded, 0 truncated, 167.4s elapsed, 168.36 docs/s
[batch 882] 28224 embedded, 0 truncated, 167.6s elapsed, 168.42 docs/s
[batch 883] 28256 embedded, 0 truncated, 167.8s elapsed, 168.43 docs/s
[batch 884] 28288 embedded, 0 truncated, 167.9s elapsed, 168.44 docs/s
[batch 885] 28320 embedded, 0 truncated, 168.1s elapsed, 168.47 docs/s
[batch 886] 28352 embedded, 0 truncated, 168.4s elapsed, 168.32 docs/s
[batch 887] 28384 embedded, 0 truncated, 168.6s elapsed, 168.30 docs/s
[batch 888] 28416 embedded, 0 truncated, 168.9s elapsed, 168.28 docs/s
[batch 889] 28448 embedded, 0 truncated, 169.5s elapsed, 167.80 docs/s
[batch 890] 28480 embedded, 0 truncated, 169.7s elapsed, 167.80 docs/s
[batch 891] 28512 embedded, 0 truncated, 170.1s elapsed, 167.67 docs/s
[batch 892] 28544 embedded, 0 truncated, 170.3s elapsed, 167.63 docs/s
[batch 893] 28576 embedded, 0 truncated, 170.5s elapsed, 167.62 docs/s
[batch 894] 28608 embedded, 0 truncated, 170.8s elapsed, 167.50 docs/s
[batch 895] 28640 embedded, 0 truncated, 171.1s elapsed, 167.39 docs/s
[batch 896] 28672 embedded, 0 truncated, 171.3s elapsed, 167.41 docs/s
[batch 897] 28704 embedded, 0 truncated, 171.4s elapsed, 167.43 docs/s
[batch 898] 28736 embedded, 0 truncated, 171.6s elapsed, 167.45 docs/s
[batch 899] 28768 embedded, 0 truncated, 171.8s elapsed, 167.45 docs/s
[batch 900] 28800 embedded, 0 truncated, 172.0s elapsed, 167.48 docs/s
[batch 901] 28832 embedded, 0 truncated, 172.1s elapsed, 167.51 docs/s
[batch 902] 28864 embedded, 0 truncated, 172.3s elapsed, 167.52 docs/s
[batch 903] 28896 embedded, 0 truncated, 172.5s elapsed, 167.52 docs/s
[batch 904] 28928 embedded, 0 truncated, 172.6s elapsed, 167.56 docs/s
[batch 905] 28960 embedded, 0 truncated, 172.8s elapsed, 167.60 docs/s
[batch 906] 28992 embedded, 0 truncated, 173.0s elapsed, 167.60 docs/s
[batch 907] 29024 embedded, 0 truncated, 173.1s elapsed, 167.62 docs/s
[batch 908] 29056 embedded, 0 truncated, 173.4s elapsed, 167.55 docs/s
[batch 909] 29088 embedded, 0 truncated, 173.6s elapsed, 167.56 docs/s
[batch 910] 29120 embedded, 0 truncated, 173.8s elapsed, 167.58 docs/s
[batch 911] 29152 embedded, 0 truncated, 174.0s elapsed, 167.54 docs/s
[batch 912] 29184 embedded, 0 truncated, 174.2s elapsed, 167.57 docs/s
[batch 913] 29216 embedded, 0 truncated, 174.3s elapsed, 167.61 docs/s
[batch 914] 29248 embedded, 0 truncated, 174.4s elapsed, 167.68 docs/s
[batch 915] 29280 embedded, 0 truncated, 174.6s elapsed, 167.72 docs/s
[batch 916] 29312 embedded, 0 truncated, 174.7s elapsed, 167.76 docs/s
[batch 917] 29344 embedded, 0 truncated, 174.9s elapsed, 167.79 docs/s
[batch 918] 29376 embedded, 0 truncated, 175.0s elapsed, 167.82 docs/s
[batch 919] 29408 embedded, 0 truncated, 175.2s elapsed, 167.85 docs/s
[batch 920] 29440 embedded, 0 truncated, 175.3s elapsed, 167.90 docs/s
[batch 921] 29472 embedded, 0 truncated, 175.5s elapsed, 167.93 docs/s
[batch 922] 29504 embedded, 0 truncated, 175.7s elapsed, 167.97 docs/s
[batch 923] 29536 embedded, 0 truncated, 175.8s elapsed, 168.01 docs/s
[batch 924] 29568 embedded, 0 truncated, 176.0s elapsed, 168.04 docs/s
[batch 925] 29600 embedded, 0 truncated, 176.2s elapsed, 168.02 docs/s
[batch 926] 29632 embedded, 0 truncated, 176.4s elapsed, 168.01 docs/s
[batch 927] 29664 embedded, 0 truncated, 176.5s elapsed, 168.07 docs/s
[batch 928] 29696 embedded, 0 truncated, 176.6s elapsed, 168.12 docs/s
[batch 929] 29728 embedded, 0 truncated, 176.8s elapsed, 168.15 docs/s
[batch 930] 29760 embedded, 0 truncated, 177.0s elapsed, 168.12 docs/s
[batch 931] 29792 embedded, 0 truncated, 177.2s elapsed, 168.11 docs/s
[batch 932] 29824 embedded, 0 truncated, 177.4s elapsed, 168.12 docs/s
[batch 933] 29856 embedded, 0 truncated, 177.5s elapsed, 168.16 docs/s
[batch 934] 29888 embedded, 0 truncated, 177.7s elapsed, 168.15 docs/s
[batch 935] 29920 embedded, 0 truncated, 177.9s elapsed, 168.16 docs/s
[batch 936] 29952 embedded, 0 truncated, 178.1s elapsed, 168.20 docs/s
[batch 937] 29984 embedded, 0 truncated, 178.2s elapsed, 168.24 docs/s
[batch 938] 30016 embedded, 0 truncated, 178.4s elapsed, 168.26 docs/s
[batch 939] 30048 embedded, 0 truncated, 178.6s elapsed, 168.27 docs/s
[batch 940] 30080 embedded, 0 truncated, 178.9s elapsed, 168.13 docs/s
[batch 941] 30112 embedded, 0 truncated, 179.1s elapsed, 168.10 docs/s
[batch 942] 30144 embedded, 0 truncated, 179.3s elapsed, 168.10 docs/s
[batch 943] 30176 embedded, 0 truncated, 179.6s elapsed, 168.05 docs/s
[batch 944] 30208 embedded, 0 truncated, 179.7s elapsed, 168.07 docs/s
[batch 945] 30240 embedded, 0 truncated, 179.9s elapsed, 168.10 docs/s
[batch 946] 30272 embedded, 0 truncated, 180.1s elapsed, 168.12 docs/s
[batch 947] 30304 embedded, 0 truncated, 180.2s elapsed, 168.16 docs/s
[batch 948] 30336 embedded, 0 truncated, 180.4s elapsed, 168.19 docs/s
[batch 949] 30368 embedded, 0 truncated, 180.5s elapsed, 168.21 docs/s
[batch 950] 30400 embedded, 0 truncated, 180.8s elapsed, 168.16 docs/s
[batch 951] 30432 embedded, 0 truncated, 180.9s elapsed, 168.20 docs/s
[batch 952] 30464 embedded, 0 truncated, 181.1s elapsed, 168.20 docs/s
[batch 953] 30496 embedded, 0 truncated, 181.3s elapsed, 168.21 docs/s
[batch 954] 30528 embedded, 0 truncated, 181.4s elapsed, 168.27 docs/s
[batch 955] 30560 embedded, 0 truncated, 181.6s elapsed, 168.26 docs/s
[batch 956] 30592 embedded, 0 truncated, 181.8s elapsed, 168.29 docs/s
[batch 957] 30624 embedded, 0 truncated, 182.0s elapsed, 168.28 docs/s
[batch 958] 30656 embedded, 0 truncated, 182.2s elapsed, 168.29 docs/s
[batch 959] 30688 embedded, 0 truncated, 182.4s elapsed, 168.21 docs/s
[batch 960] 30720 embedded, 0 truncated, 182.6s elapsed, 168.21 docs/s
[batch 961] 30752 embedded, 0 truncated, 182.8s elapsed, 168.23 docs/s
[batch 962] 30784 embedded, 0 truncated, 183.0s elapsed, 168.26 docs/s
[batch 963] 30816 embedded, 0 truncated, 183.1s elapsed, 168.29 docs/s
[batch 964] 30848 embedded, 0 truncated, 183.3s elapsed, 168.31 docs/s
[batch 965] 30880 embedded, 0 truncated, 183.5s elapsed, 168.29 docs/s
[batch 966] 30912 embedded, 0 truncated, 183.7s elapsed, 168.32 docs/s
[batch 967] 30944 embedded, 0 truncated, 183.9s elapsed, 168.27 docs/s
[batch 968] 30976 embedded, 0 truncated, 184.1s elapsed, 168.24 docs/s
[batch 969] 31008 embedded, 0 truncated, 184.2s elapsed, 168.30 docs/s
[batch 970] 31040 embedded, 0 truncated, 184.5s elapsed, 168.25 docs/s
[batch 971] 31072 embedded, 0 truncated, 184.7s elapsed, 168.25 docs/s
[batch 972] 31104 embedded, 0 truncated, 184.9s elapsed, 168.22 docs/s
[batch 973] 31136 embedded, 0 truncated, 185.1s elapsed, 168.24 docs/s
[batch 974] 31168 embedded, 0 truncated, 185.3s elapsed, 168.22 docs/s
[batch 975] 31200 embedded, 0 truncated, 185.6s elapsed, 168.14 docs/s
[batch 976] 31232 embedded, 0 truncated, 185.8s elapsed, 168.09 docs/s
[batch 977] 31264 embedded, 0 truncated, 186.1s elapsed, 168.03 docs/s
[batch 978] 31296 embedded, 0 truncated, 186.2s elapsed, 168.05 docs/s
[batch 979] 31328 embedded, 0 truncated, 186.4s elapsed, 168.06 docs/s
[batch 980] 31360 embedded, 0 truncated, 186.6s elapsed, 168.09 docs/s
[batch 981] 31392 embedded, 0 truncated, 186.8s elapsed, 168.05 docs/s
[batch 982] 31424 embedded, 0 truncated, 187.0s elapsed, 168.09 docs/s
[batch 983] 31456 embedded, 0 truncated, 187.1s elapsed, 168.09 docs/s
[batch 984] 31488 embedded, 0 truncated, 187.3s elapsed, 168.14 docs/s
[batch 985] 31520 embedded, 0 truncated, 187.5s elapsed, 168.06 docs/s
[batch 986] 31552 embedded, 0 truncated, 187.8s elapsed, 168.05 docs/s
[batch 987] 31584 embedded, 0 truncated, 187.9s elapsed, 168.05 docs/s
[batch 988] 31616 embedded, 0 truncated, 188.1s elapsed, 168.08 docs/s
[batch 989] 31648 embedded, 0 truncated, 188.3s elapsed, 168.12 docs/s
[batch 990] 31680 embedded, 0 truncated, 188.4s elapsed, 168.14 docs/s
[batch 991] 31712 embedded, 0 truncated, 188.6s elapsed, 168.17 docs/s
[batch 992] 31744 embedded, 0 truncated, 188.8s elapsed, 168.16 docs/s
[batch 993] 31776 embedded, 0 truncated, 189.0s elapsed, 168.15 docs/s
[batch 994] 31808 embedded, 0 truncated, 189.1s elapsed, 168.17 docs/s
[batch 995] 31840 embedded, 0 truncated, 189.4s elapsed, 168.15 docs/s
[batch 996] 31872 embedded, 0 truncated, 189.5s elapsed, 168.18 docs/s
[batch 997] 31904 embedded, 0 truncated, 189.7s elapsed, 168.16 docs/s
[batch 998] 31936 embedded, 0 truncated, 190.0s elapsed, 168.08 docs/s
[batch 999] 31968 embedded, 0 truncated, 190.3s elapsed, 168.02 docs/s
[batch 1000] 32000 embedded, 0 truncated, 190.4s elapsed, 168.02 docs/s
[batch 1001] 32032 embedded, 0 truncated, 190.7s elapsed, 168.00 docs/s
[batch 1002] 32064 embedded, 0 truncated, 190.8s elapsed, 168.01 docs/s
[batch 1003] 32096 embedded, 0 truncated, 191.0s elapsed, 168.00 docs/s
[batch 1004] 32128 embedded, 0 truncated, 191.3s elapsed, 167.94 docs/s
[batch 1005] 32160 embedded, 0 truncated, 191.5s elapsed, 167.97 docs/s
[batch 1006] 32192 embedded, 0 truncated, 191.7s elapsed, 167.96 docs/s
[batch 1007] 32224 embedded, 0 truncated, 191.8s elapsed, 167.98 docs/s
[batch 1008] 32256 embedded, 0 truncated, 192.0s elapsed, 167.97 docs/s
[batch 1009] 32288 embedded, 0 truncated, 192.2s elapsed, 167.98 docs/s
[batch 1010] 32320 embedded, 0 truncated, 192.4s elapsed, 167.96 docs/s
[batch 1011] 32352 embedded, 0 truncated, 192.6s elapsed, 167.96 docs/s
[batch 1012] 32384 embedded, 0 truncated, 192.8s elapsed, 167.99 docs/s
[batch 1013] 32416 embedded, 0 truncated, 192.9s elapsed, 168.01 docs/s
[batch 1014] 32448 embedded, 0 truncated, 193.1s elapsed, 168.03 docs/s
[batch 1015] 32480 embedded, 0 truncated, 193.3s elapsed, 168.05 docs/s
[batch 1016] 32512 embedded, 0 truncated, 193.5s elapsed, 168.06 docs/s
[batch 1017] 32544 embedded, 0 truncated, 193.7s elapsed, 168.05 docs/s
[batch 1018] 32576 embedded, 0 truncated, 193.9s elapsed, 168.04 docs/s
[batch 1019] 32608 embedded, 0 truncated, 194.0s elapsed, 168.06 docs/s
[batch 1020] 32640 embedded, 0 truncated, 194.2s elapsed, 168.06 docs/s
[batch 1021] 32672 embedded, 0 truncated, 194.4s elapsed, 168.06 docs/s
[batch 1022] 32704 embedded, 0 truncated, 194.6s elapsed, 168.08 docs/s
[batch 1023] 32736 embedded, 0 truncated, 194.7s elapsed, 168.11 docs/s
[batch 1024] 32768 embedded, 0 truncated, 195.0s elapsed, 168.06 docs/s
[batch 1025] 32800 embedded, 0 truncated, 195.1s elapsed, 168.09 docs/s
[batch 1026] 32832 embedded, 0 truncated, 195.3s elapsed, 168.10 docs/s
[batch 1027] 32864 embedded, 0 truncated, 195.5s elapsed, 168.08 docs/s
[batch 1028] 32896 embedded, 0 truncated, 195.7s elapsed, 168.08 docs/s
[batch 1029] 32928 embedded, 0 truncated, 195.9s elapsed, 168.09 docs/s
[batch 1030] 32960 embedded, 0 truncated, 196.1s elapsed, 168.06 docs/s
[batch 1031] 32992 embedded, 0 truncated, 196.3s elapsed, 168.06 docs/s
[batch 1032] 33024 embedded, 0 truncated, 196.5s elapsed, 168.09 docs/s
[batch 1033] 33056 embedded, 0 truncated, 196.6s elapsed, 168.13 docs/s
[batch 1034] 33088 embedded, 0 truncated, 196.8s elapsed, 168.15 docs/s
[batch 1035] 33120 embedded, 0 truncated, 197.0s elapsed, 168.15 docs/s
[batch 1036] 33152 embedded, 0 truncated, 197.2s elapsed, 168.09 docs/s
[batch 1037] 33184 embedded, 0 truncated, 197.4s elapsed, 168.10 docs/s
[batch 1038] 33216 embedded, 0 truncated, 197.6s elapsed, 168.11 docs/s
[batch 1039] 33248 embedded, 0 truncated, 197.7s elapsed, 168.13 docs/s
[batch 1040] 33280 embedded, 0 truncated, 197.9s elapsed, 168.14 docs/s
[batch 1041] 33312 embedded, 0 truncated, 198.1s elapsed, 168.18 docs/s
[batch 1042] 33344 embedded, 0 truncated, 198.3s elapsed, 168.14 docs/s
[batch 1043] 33376 embedded, 0 truncated, 198.4s elapsed, 168.19 docs/s
[batch 1044] 33408 embedded, 0 truncated, 198.7s elapsed, 168.16 docs/s
[batch 1045] 33440 embedded, 0 truncated, 198.8s elapsed, 168.19 docs/s
[batch 1046] 33472 embedded, 0 truncated, 199.0s elapsed, 168.23 docs/s
[batch 1047] 33504 embedded, 0 truncated, 199.2s elapsed, 168.18 docs/s
[batch 1048] 33536 embedded, 0 truncated, 199.4s elapsed, 168.18 docs/s
[batch 1049] 33568 embedded, 0 truncated, 199.6s elapsed, 168.18 docs/s
[batch 1050] 33600 embedded, 0 truncated, 199.8s elapsed, 168.20 docs/s
[batch 1051] 33632 embedded, 0 truncated, 199.9s elapsed, 168.22 docs/s
[batch 1052] 33664 embedded, 0 truncated, 200.1s elapsed, 168.25 docs/s
[batch 1053] 33696 embedded, 0 truncated, 200.3s elapsed, 168.25 docs/s
[batch 1054] 33728 embedded, 0 truncated, 200.5s elapsed, 168.24 docs/s
[batch 1055] 33760 embedded, 0 truncated, 200.7s elapsed, 168.24 docs/s
[batch 1056] 33792 embedded, 0 truncated, 200.8s elapsed, 168.27 docs/s
[batch 1057] 33824 embedded, 0 truncated, 201.0s elapsed, 168.28 docs/s
[batch 1058] 33856 embedded, 0 truncated, 201.2s elapsed, 168.30 docs/s
[batch 1059] 33888 embedded, 0 truncated, 201.3s elapsed, 168.33 docs/s
[batch 1060] 33920 embedded, 0 truncated, 201.5s elapsed, 168.35 docs/s
[batch 1061] 33952 embedded, 0 truncated, 201.7s elapsed, 168.35 docs/s
[batch 1062] 33984 embedded, 0 truncated, 201.8s elapsed, 168.37 docs/s
[batch 1063] 34016 embedded, 0 truncated, 202.0s elapsed, 168.39 docs/s
[batch 1064] 34048 embedded, 0 truncated, 202.2s elapsed, 168.41 docs/s
[batch 1065] 34080 embedded, 0 truncated, 202.5s elapsed, 168.33 docs/s
[batch 1066] 34112 embedded, 0 truncated, 202.7s elapsed, 168.31 docs/s
[batch 1067] 34144 embedded, 0 truncated, 202.8s elapsed, 168.33 docs/s
[batch 1068] 34176 embedded, 0 truncated, 203.0s elapsed, 168.33 docs/s
[batch 1069] 34208 embedded, 0 truncated, 203.3s elapsed, 168.27 docs/s
[batch 1070] 34240 embedded, 0 truncated, 203.4s elapsed, 168.30 docs/s
[batch 1071] 34272 embedded, 0 truncated, 203.6s elapsed, 168.33 docs/s
[batch 1072] 34304 embedded, 0 truncated, 203.8s elapsed, 168.35 docs/s
[batch 1073] 34336 embedded, 0 truncated, 204.0s elapsed, 168.35 docs/s
[batch 1074] 34368 embedded, 0 truncated, 204.1s elapsed, 168.37 docs/s
[batch 1075] 34400 embedded, 0 truncated, 204.3s elapsed, 168.39 docs/s
[batch 1076] 34432 embedded, 0 truncated, 204.4s elapsed, 168.42 docs/s
[batch 1077] 34464 embedded, 0 truncated, 204.6s elapsed, 168.43 docs/s
[batch 1078] 34496 embedded, 0 truncated, 204.8s elapsed, 168.42 docs/s
[batch 1079] 34528 embedded, 0 truncated, 205.0s elapsed, 168.44 docs/s
[batch 1080] 34560 embedded, 0 truncated, 205.1s elapsed, 168.47 docs/s
[batch 1081] 34592 embedded, 0 truncated, 205.3s elapsed, 168.47 docs/s
[batch 1082] 34624 embedded, 0 truncated, 205.7s elapsed, 168.36 docs/s
[batch 1083] 34656 embedded, 0 truncated, 205.9s elapsed, 168.35 docs/s
[batch 1084] 34688 embedded, 0 truncated, 206.1s elapsed, 168.34 docs/s
[batch 1085] 34720 embedded, 0 truncated, 206.2s elapsed, 168.35 docs/s
[batch 1086] 34752 embedded, 0 truncated, 206.4s elapsed, 168.35 docs/s
[batch 1087] 34784 embedded, 0 truncated, 206.6s elapsed, 168.37 docs/s
[batch 1088] 34816 embedded, 0 truncated, 206.8s elapsed, 168.36 docs/s
[batch 1089] 34848 embedded, 0 truncated, 207.0s elapsed, 168.36 docs/s
[batch 1090] 34880 embedded, 0 truncated, 207.1s elapsed, 168.39 docs/s
[batch 1091] 34912 embedded, 0 truncated, 207.4s elapsed, 168.37 docs/s
[batch 1092] 34944 embedded, 0 truncated, 207.5s elapsed, 168.37 docs/s
[batch 1093] 34976 embedded, 0 truncated, 207.7s elapsed, 168.40 docs/s
[batch 1094] 35008 embedded, 0 truncated, 207.8s elapsed, 168.43 docs/s
[batch 1095] 35040 embedded, 0 truncated, 208.1s elapsed, 168.40 docs/s
[batch 1096] 35072 embedded, 0 truncated, 208.2s elapsed, 168.44 docs/s
[batch 1097] 35104 embedded, 0 truncated, 208.4s elapsed, 168.45 docs/s
[batch 1098] 35136 embedded, 0 truncated, 208.6s elapsed, 168.46 docs/s
[batch 1099] 35168 embedded, 0 truncated, 208.7s elapsed, 168.47 docs/s
[batch 1100] 35200 embedded, 0 truncated, 208.9s elapsed, 168.50 docs/s
[batch 1101] 35232 embedded, 0 truncated, 209.1s elapsed, 168.52 docs/s
[batch 1102] 35264 embedded, 0 truncated, 209.2s elapsed, 168.56 docs/s
[batch 1103] 35296 embedded, 0 truncated, 209.4s elapsed, 168.59 docs/s
[batch 1104] 35328 embedded, 0 truncated, 209.5s elapsed, 168.62 docs/s
[batch 1105] 35360 embedded, 0 truncated, 209.7s elapsed, 168.60 docs/s
[batch 1106] 35392 embedded, 0 truncated, 209.9s elapsed, 168.61 docs/s
[batch 1107] 35424 embedded, 0 truncated, 210.1s elapsed, 168.62 docs/s
[batch 1108] 35456 embedded, 0 truncated, 210.3s elapsed, 168.63 docs/s
[batch 1109] 35488 embedded, 0 truncated, 210.4s elapsed, 168.65 docs/s
[batch 1110] 35520 embedded, 0 truncated, 210.6s elapsed, 168.65 docs/s
[batch 1111] 35552 embedded, 0 truncated, 210.8s elapsed, 168.68 docs/s
[batch 1112] 35584 embedded, 0 truncated, 210.9s elapsed, 168.68 docs/s
[batch 1113] 35616 embedded, 0 truncated, 211.1s elapsed, 168.72 docs/s
[batch 1114] 35648 embedded, 0 truncated, 211.3s elapsed, 168.74 docs/s
[batch 1115] 35680 embedded, 0 truncated, 211.4s elapsed, 168.75 docs/s
[batch 1116] 35712 embedded, 0 truncated, 211.7s elapsed, 168.69 docs/s
[batch 1117] 35744 embedded, 0 truncated, 211.9s elapsed, 168.70 docs/s
[batch 1118] 35776 embedded, 0 truncated, 212.0s elapsed, 168.72 docs/s
[batch 1119] 35808 embedded, 0 truncated, 212.2s elapsed, 168.74 docs/s
[batch 1120] 35840 embedded, 0 truncated, 212.3s elapsed, 168.78 docs/s
[batch 1121] 35872 embedded, 0 truncated, 212.6s elapsed, 168.73 docs/s
[batch 1122] 35904 embedded, 0 truncated, 212.8s elapsed, 168.74 docs/s
[batch 1123] 35936 embedded, 0 truncated, 212.9s elapsed, 168.77 docs/s
[batch 1124] 35968 embedded, 0 truncated, 213.2s elapsed, 168.70 docs/s
[batch 1125] 36000 embedded, 0 truncated, 213.4s elapsed, 168.73 docs/s
[batch 1126] 36032 embedded, 0 truncated, 213.5s elapsed, 168.76 docs/s
[batch 1127] 36064 embedded, 0 truncated, 213.7s elapsed, 168.76 docs/s
[batch 1128] 36096 embedded, 0 truncated, 213.9s elapsed, 168.77 docs/s
[batch 1129] 36128 embedded, 0 truncated, 214.1s elapsed, 168.77 docs/s
[batch 1130] 36160 embedded, 0 truncated, 214.2s elapsed, 168.79 docs/s
[batch 1131] 36192 embedded, 0 truncated, 214.4s elapsed, 168.77 docs/s
[batch 1132] 36224 embedded, 0 truncated, 214.6s elapsed, 168.79 docs/s
[batch 1133] 36256 embedded, 0 truncated, 214.8s elapsed, 168.78 docs/s
[batch 1134] 36288 embedded, 0 truncated, 215.1s elapsed, 168.69 docs/s
[batch 1135] 36320 embedded, 0 truncated, 215.4s elapsed, 168.60 docs/s
[batch 1136] 36352 embedded, 0 truncated, 215.6s elapsed, 168.63 docs/s
[batch 1137] 36384 embedded, 0 truncated, 215.7s elapsed, 168.64 docs/s
[batch 1138] 36416 embedded, 0 truncated, 215.9s elapsed, 168.65 docs/s
[batch 1139] 36448 embedded, 0 truncated, 216.1s elapsed, 168.67 docs/s
[batch 1140] 36480 embedded, 0 truncated, 216.3s elapsed, 168.66 docs/s
[batch 1141] 36512 embedded, 0 truncated, 216.5s elapsed, 168.65 docs/s
[batch 1142] 36544 embedded, 0 truncated, 216.7s elapsed, 168.62 docs/s
[batch 1143] 36576 embedded, 0 truncated, 216.9s elapsed, 168.65 docs/s
[batch 1144] 36608 embedded, 0 truncated, 217.2s elapsed, 168.58 docs/s
[batch 1145] 36640 embedded, 0 truncated, 217.3s elapsed, 168.60 docs/s
[batch 1146] 36672 embedded, 0 truncated, 217.6s elapsed, 168.54 docs/s
[batch 1147] 36704 embedded, 0 truncated, 217.7s elapsed, 168.57 docs/s
[batch 1148] 36736 embedded, 0 truncated, 218.0s elapsed, 168.54 docs/s
[batch 1149] 36768 embedded, 0 truncated, 218.3s elapsed, 168.45 docs/s
[batch 1150] 36800 embedded, 0 truncated, 218.4s elapsed, 168.48 docs/s
[batch 1151] 36832 embedded, 0 truncated, 218.6s elapsed, 168.47 docs/s
[batch 1152] 36864 embedded, 0 truncated, 218.8s elapsed, 168.46 docs/s
[batch 1153] 36896 embedded, 0 truncated, 219.0s elapsed, 168.48 docs/s
[batch 1154] 36928 embedded, 0 truncated, 219.2s elapsed, 168.49 docs/s
[batch 1155] 36960 embedded, 0 truncated, 219.3s elapsed, 168.50 docs/s
[batch 1156] 36992 embedded, 0 truncated, 219.5s elapsed, 168.51 docs/s
[batch 1157] 37024 embedded, 0 truncated, 219.7s elapsed, 168.51 docs/s
[batch 1158] 37056 embedded, 0 truncated, 219.9s elapsed, 168.54 docs/s
[batch 1159] 37088 embedded, 0 truncated, 220.1s elapsed, 168.53 docs/s
[batch 1160] 37120 embedded, 0 truncated, 220.4s elapsed, 168.43 docs/s
[batch 1161] 37152 embedded, 0 truncated, 220.6s elapsed, 168.42 docs/s
[batch 1162] 37184 embedded, 0 truncated, 220.8s elapsed, 168.43 docs/s
[batch 1163] 37216 embedded, 0 truncated, 220.9s elapsed, 168.47 docs/s
[batch 1164] 37248 embedded, 0 truncated, 221.1s elapsed, 168.49 docs/s
[batch 1165] 37280 embedded, 0 truncated, 221.3s elapsed, 168.45 docs/s
[batch 1166] 37312 embedded, 0 truncated, 221.5s elapsed, 168.44 docs/s
[batch 1167] 37344 embedded, 0 truncated, 221.6s elapsed, 168.48 docs/s
[batch 1168] 37376 embedded, 0 truncated, 221.8s elapsed, 168.50 docs/s
[batch 1169] 37408 embedded, 0 truncated, 222.0s elapsed, 168.48 docs/s
[batch 1170] 37440 embedded, 0 truncated, 222.3s elapsed, 168.44 docs/s
[batch 1171] 37472 embedded, 0 truncated, 222.5s elapsed, 168.44 docs/s
[batch 1172] 37504 embedded, 0 truncated, 222.7s elapsed, 168.44 docs/s
[batch 1173] 37536 embedded, 0 truncated, 222.8s elapsed, 168.45 docs/s
[batch 1174] 37568 embedded, 0 truncated, 223.1s elapsed, 168.37 docs/s
[batch 1175] 37600 embedded, 0 truncated, 223.3s elapsed, 168.36 docs/s
[batch 1176] 37632 embedded, 0 truncated, 223.6s elapsed, 168.31 docs/s
[batch 1177] 37664 embedded, 0 truncated, 223.7s elapsed, 168.34 docs/s
[batch 1178] 37696 embedded, 0 truncated, 223.9s elapsed, 168.33 docs/s
[batch 1179] 37728 embedded, 0 truncated, 224.1s elapsed, 168.32 docs/s
[batch 1180] 37760 embedded, 0 truncated, 224.3s elapsed, 168.33 docs/s
[batch 1181] 37792 embedded, 0 truncated, 224.5s elapsed, 168.34 docs/s
[batch 1182] 37824 embedded, 0 truncated, 224.7s elapsed, 168.32 docs/s
[batch 1183] 37856 embedded, 0 truncated, 224.9s elapsed, 168.35 docs/s
[batch 1184] 37888 embedded, 0 truncated, 225.0s elapsed, 168.38 docs/s
[batch 1185] 37920 embedded, 0 truncated, 225.2s elapsed, 168.37 docs/s
[batch 1186] 37952 embedded, 0 truncated, 225.4s elapsed, 168.37 docs/s
[batch 1187] 37984 embedded, 0 truncated, 225.6s elapsed, 168.39 docs/s
[batch 1188] 38016 embedded, 0 truncated, 225.7s elapsed, 168.41 docs/s
[batch 1189] 38048 embedded, 0 truncated, 225.9s elapsed, 168.42 docs/s
[batch 1190] 38080 embedded, 0 truncated, 226.1s elapsed, 168.41 docs/s
[batch 1191] 38112 embedded, 0 truncated, 226.3s elapsed, 168.41 docs/s
[batch 1192] 38144 embedded, 0 truncated, 226.4s elapsed, 168.45 docs/s
[batch 1193] 38176 embedded, 0 truncated, 226.6s elapsed, 168.47 docs/s
[batch 1194] 38208 embedded, 0 truncated, 226.8s elapsed, 168.48 docs/s
[batch 1195] 38240 embedded, 0 truncated, 226.9s elapsed, 168.50 docs/s
[batch 1196] 38272 embedded, 0 truncated, 227.1s elapsed, 168.51 docs/s
[batch 1197] 38304 embedded, 0 truncated, 227.3s elapsed, 168.54 docs/s
[batch 1198] 38336 embedded, 0 truncated, 227.4s elapsed, 168.55 docs/s
[batch 1199] 38368 embedded, 0 truncated, 227.6s elapsed, 168.57 docs/s
[batch 1200] 38400 embedded, 0 truncated, 227.9s elapsed, 168.49 docs/s
[batch 1201] 38432 embedded, 0 truncated, 228.2s elapsed, 168.44 docs/s
[batch 1202] 38464 embedded, 0 truncated, 228.3s elapsed, 168.45 docs/s
[batch 1203] 38496 embedded, 0 truncated, 228.5s elapsed, 168.46 docs/s
[batch 1204] 38528 embedded, 0 truncated, 228.7s elapsed, 168.49 docs/s
[batch 1205] 38560 embedded, 0 truncated, 228.9s elapsed, 168.44 docs/s
[batch 1206] 38592 embedded, 0 truncated, 229.1s elapsed, 168.44 docs/s
[batch 1207] 38624 embedded, 0 truncated, 229.3s elapsed, 168.47 docs/s
[batch 1208] 38656 embedded, 0 truncated, 229.5s elapsed, 168.46 docs/s
[batch 1209] 38688 embedded, 0 truncated, 229.6s elapsed, 168.49 docs/s
[batch 1210] 38720 embedded, 0 truncated, 229.8s elapsed, 168.46 docs/s
[batch 1211] 38752 embedded, 0 truncated, 230.0s elapsed, 168.47 docs/s
[batch 1212] 38784 embedded, 0 truncated, 230.2s elapsed, 168.45 docs/s
[batch 1213] 38816 embedded, 0 truncated, 230.4s elapsed, 168.48 docs/s
[batch 1214] 38848 embedded, 0 truncated, 230.5s elapsed, 168.52 docs/s
[batch 1215] 38880 embedded, 0 truncated, 230.7s elapsed, 168.53 docs/s
[batch 1216] 38912 embedded, 0 truncated, 230.9s elapsed, 168.54 docs/s
[batch 1217] 38944 embedded, 0 truncated, 231.0s elapsed, 168.56 docs/s
[batch 1218] 38976 embedded, 0 truncated, 231.2s elapsed, 168.59 docs/s
[batch 1219] 39008 embedded, 0 truncated, 231.4s elapsed, 168.55 docs/s
[batch 1220] 39040 embedded, 0 truncated, 231.6s elapsed, 168.53 docs/s
[batch 1221] 39072 embedded, 0 truncated, 232.0s elapsed, 168.42 docs/s
[batch 1222] 39104 embedded, 0 truncated, 232.2s elapsed, 168.42 docs/s
[batch 1223] 39136 embedded, 0 truncated, 232.4s elapsed, 168.37 docs/s
[batch 1224] 39168 embedded, 0 truncated, 232.7s elapsed, 168.34 docs/s
[batch 1225] 39200 embedded, 0 truncated, 232.9s elapsed, 168.32 docs/s
[batch 1226] 39232 embedded, 0 truncated, 233.1s elapsed, 168.32 docs/s
[batch 1227] 39264 embedded, 0 truncated, 233.3s elapsed, 168.33 docs/s
[batch 1228] 39296 embedded, 0 truncated, 233.4s elapsed, 168.34 docs/s
[batch 1229] 39328 embedded, 0 truncated, 233.6s elapsed, 168.36 docs/s
[batch 1230] 39360 embedded, 0 truncated, 233.8s elapsed, 168.36 docs/s
[batch 1231] 39392 embedded, 0 truncated, 234.0s elapsed, 168.35 docs/s
[batch 1232] 39424 embedded, 0 truncated, 234.2s elapsed, 168.35 docs/s
[batch 1233] 39456 embedded, 0 truncated, 234.4s elapsed, 168.30 docs/s
[batch 1234] 39488 embedded, 0 truncated, 234.7s elapsed, 168.27 docs/s
[batch 1235] 39520 embedded, 0 truncated, 234.9s elapsed, 168.25 docs/s
[batch 1236] 39552 embedded, 0 truncated, 235.0s elapsed, 168.27 docs/s
[batch 1237] 39584 embedded, 0 truncated, 235.2s elapsed, 168.27 docs/s
[batch 1238] 39616 embedded, 0 truncated, 235.4s elapsed, 168.28 docs/s
[batch 1239] 39648 embedded, 0 truncated, 235.6s elapsed, 168.30 docs/s
[batch 1240] 39680 embedded, 0 truncated, 235.8s elapsed, 168.29 docs/s
[batch 1241] 39712 embedded, 0 truncated, 236.0s elapsed, 168.31 docs/s
[batch 1242] 39744 embedded, 0 truncated, 236.2s elapsed, 168.30 docs/s
[batch 1243] 39776 embedded, 0 truncated, 236.4s elapsed, 168.26 docs/s
[batch 1244] 39808 embedded, 0 truncated, 236.6s elapsed, 168.24 docs/s
[batch 1245] 39840 embedded, 0 truncated, 236.8s elapsed, 168.23 docs/s
[batch 1246] 39872 embedded, 0 truncated, 237.0s elapsed, 168.25 docs/s
[batch 1247] 39904 embedded, 0 truncated, 237.2s elapsed, 168.24 docs/s
[batch 1248] 39936 embedded, 0 truncated, 237.4s elapsed, 168.24 docs/s
[batch 1249] 39968 embedded, 0 truncated, 237.6s elapsed, 168.23 docs/s
[batch 1250] 40000 embedded, 0 truncated, 237.8s elapsed, 168.23 docs/s
[batch 1251] 40032 embedded, 0 truncated, 238.2s elapsed, 168.03 docs/s
[batch 1252] 40064 embedded, 0 truncated, 238.5s elapsed, 167.97 docs/s
[batch 1253] 40096 embedded, 0 truncated, 238.7s elapsed, 167.99 docs/s
[batch 1254] 40128 embedded, 0 truncated, 238.9s elapsed, 168.00 docs/s
[batch 1255] 40160 embedded, 0 truncated, 239.0s elapsed, 168.02 docs/s
[batch 1256] 40192 embedded, 0 truncated, 239.2s elapsed, 168.05 docs/s
[batch 1257] 40224 embedded, 0 truncated, 239.4s elapsed, 168.04 docs/s
[batch 1258] 40256 embedded, 0 truncated, 239.6s elapsed, 168.02 docs/s
[batch 1259] 40288 embedded, 0 truncated, 239.8s elapsed, 168.03 docs/s
[batch 1260] 40320 embedded, 0 truncated, 240.0s elapsed, 168.02 docs/s
[batch 1261] 40352 embedded, 0 truncated, 240.1s elapsed, 168.04 docs/s
[batch 1262] 40384 embedded, 0 truncated, 240.3s elapsed, 168.04 docs/s
[batch 1263] 40416 embedded, 0 truncated, 240.5s elapsed, 168.04 docs/s
[batch 1264] 40448 embedded, 0 truncated, 240.7s elapsed, 168.06 docs/s
[batch 1265] 40480 embedded, 0 truncated, 240.8s elapsed, 168.08 docs/s
[batch 1266] 40512 embedded, 0 truncated, 241.0s elapsed, 168.08 docs/s
[batch 1267] 40544 embedded, 0 truncated, 241.2s elapsed, 168.11 docs/s
[batch 1268] 40576 embedded, 0 truncated, 241.3s elapsed, 168.13 docs/s
[batch 1269] 40608 embedded, 0 truncated, 241.5s elapsed, 168.13 docs/s
[batch 1270] 40640 embedded, 0 truncated, 241.7s elapsed, 168.14 docs/s
[batch 1271] 40672 embedded, 0 truncated, 241.8s elapsed, 168.17 docs/s
[batch 1272] 40704 embedded, 0 truncated, 242.0s elapsed, 168.17 docs/s
[batch 1273] 40736 embedded, 0 truncated, 242.2s elapsed, 168.19 docs/s
[batch 1274] 40768 embedded, 0 truncated, 242.3s elapsed, 168.22 docs/s
[batch 1275] 40800 embedded, 0 truncated, 242.5s elapsed, 168.23 docs/s
[batch 1276] 40832 embedded, 0 truncated, 242.7s elapsed, 168.21 docs/s
[batch 1277] 40864 embedded, 0 truncated, 242.9s elapsed, 168.22 docs/s
[batch 1278] 40896 embedded, 0 truncated, 243.1s elapsed, 168.23 docs/s
[batch 1279] 40928 embedded, 0 truncated, 243.3s elapsed, 168.23 docs/s
[batch 1280] 40960 embedded, 0 truncated, 243.5s elapsed, 168.25 docs/s
[batch 1281] 40992 embedded, 0 truncated, 243.6s elapsed, 168.27 docs/s
[batch 1282] 41024 embedded, 0 truncated, 243.7s elapsed, 168.32 docs/s
[batch 1283] 41056 embedded, 0 truncated, 243.9s elapsed, 168.36 docs/s
[batch 1284] 41088 embedded, 0 truncated, 244.0s elapsed, 168.37 docs/s
[batch 1285] 41120 embedded, 0 truncated, 244.3s elapsed, 168.30 docs/s
[batch 1286] 41152 embedded, 0 truncated, 244.5s elapsed, 168.31 docs/s
[batch 1287] 41184 embedded, 0 truncated, 244.7s elapsed, 168.32 docs/s
[batch 1288] 41216 embedded, 0 truncated, 244.8s elapsed, 168.33 docs/s
[batch 1289] 41248 embedded, 0 truncated, 245.1s elapsed, 168.28 docs/s
[batch 1290] 41280 embedded, 0 truncated, 245.4s elapsed, 168.22 docs/s
[batch 1291] 41312 embedded, 0 truncated, 245.6s elapsed, 168.24 docs/s
[batch 1292] 41344 embedded, 0 truncated, 245.7s elapsed, 168.26 docs/s
[batch 1293] 41376 embedded, 0 truncated, 245.9s elapsed, 168.26 docs/s
[batch 1294] 41408 embedded, 0 truncated, 246.1s elapsed, 168.28 docs/s
[batch 1295] 41440 embedded, 0 truncated, 246.2s elapsed, 168.30 docs/s
[batch 1296] 41472 embedded, 0 truncated, 246.4s elapsed, 168.32 docs/s
[batch 1297] 41504 embedded, 0 truncated, 246.5s elapsed, 168.35 docs/s
[batch 1298] 41536 embedded, 0 truncated, 246.7s elapsed, 168.34 docs/s
[batch 1299] 41568 embedded, 0 truncated, 246.9s elapsed, 168.33 docs/s
[batch 1300] 41600 embedded, 0 truncated, 247.1s elapsed, 168.34 docs/s
[batch 1301] 41632 embedded, 0 truncated, 247.3s elapsed, 168.35 docs/s
[batch 1302] 41664 embedded, 0 truncated, 247.5s elapsed, 168.36 docs/s
[batch 1303] 41696 embedded, 0 truncated, 247.6s elapsed, 168.38 docs/s
[batch 1304] 41728 embedded, 0 truncated, 247.8s elapsed, 168.40 docs/s
[batch 1305] 41760 embedded, 0 truncated, 247.9s elapsed, 168.43 docs/s
[batch 1306] 41792 embedded, 0 truncated, 248.1s elapsed, 168.45 docs/s
[batch 1307] 41824 embedded, 0 truncated, 248.3s elapsed, 168.46 docs/s
[batch 1308] 41856 embedded, 0 truncated, 248.5s elapsed, 168.45 docs/s
[batch 1309] 41888 embedded, 0 truncated, 248.6s elapsed, 168.47 docs/s
[batch 1310] 41920 embedded, 0 truncated, 248.9s elapsed, 168.44 docs/s
[batch 1311] 41952 embedded, 0 truncated, 249.0s elapsed, 168.46 docs/s
[batch 1312] 41984 embedded, 0 truncated, 249.2s elapsed, 168.49 docs/s
[batch 1313] 42016 embedded, 0 truncated, 249.3s elapsed, 168.52 docs/s
[batch 1314] 42048 embedded, 0 truncated, 249.5s elapsed, 168.55 docs/s
[batch 1315] 42080 embedded, 0 truncated, 249.8s elapsed, 168.44 docs/s
[batch 1316] 42112 embedded, 0 truncated, 250.1s elapsed, 168.41 docs/s
[batch 1317] 42144 embedded, 0 truncated, 250.2s elapsed, 168.41 docs/s
[batch 1318] 42176 embedded, 0 truncated, 250.4s elapsed, 168.42 docs/s
[batch 1319] 42208 embedded, 0 truncated, 250.6s elapsed, 168.45 docs/s
[batch 1320] 42240 embedded, 0 truncated, 250.7s elapsed, 168.48 docs/s
[batch 1321] 42272 embedded, 0 truncated, 250.8s elapsed, 168.53 docs/s
[batch 1322] 42304 embedded, 0 truncated, 251.0s elapsed, 168.51 docs/s
[batch 1323] 42336 embedded, 0 truncated, 251.2s elapsed, 168.51 docs/s
[batch 1324] 42368 embedded, 0 truncated, 251.4s elapsed, 168.52 docs/s
[batch 1325] 42400 embedded, 0 truncated, 251.5s elapsed, 168.56 docs/s
[batch 1326] 42432 embedded, 0 truncated, 251.7s elapsed, 168.60 docs/s
[batch 1327] 42464 embedded, 0 truncated, 251.9s elapsed, 168.60 docs/s
[batch 1328] 42496 embedded, 0 truncated, 252.0s elapsed, 168.60 docs/s
[batch 1329] 42528 embedded, 0 truncated, 252.2s elapsed, 168.62 docs/s
[batch 1330] 42560 embedded, 0 truncated, 252.4s elapsed, 168.63 docs/s
[batch 1331] 42592 embedded, 0 truncated, 252.6s elapsed, 168.64 docs/s
[batch 1332] 42624 embedded, 0 truncated, 252.7s elapsed, 168.67 docs/s
[batch 1333] 42656 embedded, 0 truncated, 252.9s elapsed, 168.67 docs/s
[batch 1334] 42688 embedded, 0 truncated, 253.1s elapsed, 168.68 docs/s
[batch 1335] 42720 embedded, 0 truncated, 253.2s elapsed, 168.72 docs/s
[batch 1336] 42752 embedded, 0 truncated, 253.4s elapsed, 168.74 docs/s
[batch 1337] 42784 embedded, 0 truncated, 253.5s elapsed, 168.74 docs/s
[batch 1338] 42816 embedded, 0 truncated, 253.7s elapsed, 168.77 docs/s
[batch 1339] 42848 embedded, 0 truncated, 253.9s elapsed, 168.79 docs/s
[batch 1340] 42880 embedded, 0 truncated, 254.0s elapsed, 168.81 docs/s
[batch 1341] 42912 embedded, 0 truncated, 254.2s elapsed, 168.80 docs/s
[batch 1342] 42944 embedded, 0 truncated, 254.4s elapsed, 168.79 docs/s
[batch 1343] 42976 embedded, 0 truncated, 254.6s elapsed, 168.80 docs/s
[batch 1344] 43008 embedded, 0 truncated, 254.7s elapsed, 168.83 docs/s
[batch 1345] 43040 embedded, 0 truncated, 254.9s elapsed, 168.83 docs/s
[batch 1346] 43072 embedded, 0 truncated, 255.1s elapsed, 168.88 docs/s
[batch 1347] 43104 embedded, 0 truncated, 255.3s elapsed, 168.87 docs/s
[batch 1348] 43136 embedded, 0 truncated, 255.4s elapsed, 168.87 docs/s
[batch 1349] 43168 embedded, 0 truncated, 255.6s elapsed, 168.88 docs/s
[batch 1350] 43200 embedded, 0 truncated, 255.8s elapsed, 168.90 docs/s
[batch 1351] 43232 embedded, 0 truncated, 255.9s elapsed, 168.92 docs/s
[batch 1352] 43264 embedded, 0 truncated, 256.2s elapsed, 168.88 docs/s
[batch 1353] 43296 embedded, 0 truncated, 256.4s elapsed, 168.89 docs/s
[batch 1354] 43328 embedded, 0 truncated, 256.6s elapsed, 168.86 docs/s
[batch 1355] 43360 embedded, 0 truncated, 256.9s elapsed, 168.78 docs/s
[batch 1356] 43392 embedded, 0 truncated, 257.0s elapsed, 168.81 docs/s
[batch 1357] 43424 embedded, 0 truncated, 257.2s elapsed, 168.84 docs/s
[batch 1358] 43456 embedded, 0 truncated, 257.4s elapsed, 168.84 docs/s
[batch 1359] 43488 embedded, 0 truncated, 257.6s elapsed, 168.83 docs/s
[batch 1360] 43520 embedded, 0 truncated, 257.8s elapsed, 168.84 docs/s
[batch 1361] 43552 embedded, 0 truncated, 258.0s elapsed, 168.78 docs/s
[batch 1362] 43584 embedded, 0 truncated, 258.2s elapsed, 168.78 docs/s
[batch 1363] 43616 embedded, 0 truncated, 258.4s elapsed, 168.77 docs/s
[batch 1364] 43648 embedded, 0 truncated, 258.7s elapsed, 168.71 docs/s
[batch 1365] 43680 embedded, 0 truncated, 258.9s elapsed, 168.70 docs/s
[batch 1366] 43712 embedded, 0 truncated, 259.2s elapsed, 168.65 docs/s
[batch 1367] 43744 embedded, 0 truncated, 259.5s elapsed, 168.54 docs/s
[batch 1368] 43776 embedded, 0 truncated, 259.7s elapsed, 168.54 docs/s
[batch 1369] 43808 embedded, 0 truncated, 260.0s elapsed, 168.47 docs/s
[batch 1370] 43840 embedded, 0 truncated, 260.2s elapsed, 168.48 docs/s
[batch 1371] 43872 embedded, 0 truncated, 260.4s elapsed, 168.49 docs/s
[batch 1372] 43904 embedded, 0 truncated, 260.6s elapsed, 168.49 docs/s
[batch 1373] 43936 embedded, 0 truncated, 260.7s elapsed, 168.52 docs/s
[batch 1374] 43968 embedded, 0 truncated, 260.9s elapsed, 168.55 docs/s
[batch 1375] 44000 embedded, 0 truncated, 261.0s elapsed, 168.55 docs/s
[batch 1376] 44032 embedded, 0 truncated, 261.2s elapsed, 168.57 docs/s
[batch 1377] 44064 embedded, 0 truncated, 261.4s elapsed, 168.59 docs/s
[batch 1378] 44096 embedded, 0 truncated, 261.6s elapsed, 168.57 docs/s
[batch 1379] 44128 embedded, 0 truncated, 261.8s elapsed, 168.59 docs/s
[batch 1380] 44160 embedded, 0 truncated, 262.0s elapsed, 168.57 docs/s
[batch 1381] 44192 embedded, 0 truncated, 262.3s elapsed, 168.50 docs/s
[batch 1382] 44224 embedded, 0 truncated, 262.4s elapsed, 168.53 docs/s
[batch 1383] 44256 embedded, 0 truncated, 262.6s elapsed, 168.53 docs/s
[batch 1384] 44288 embedded, 0 truncated, 262.8s elapsed, 168.52 docs/s
[batch 1385] 44320 embedded, 0 truncated, 263.0s elapsed, 168.53 docs/s
[batch 1386] 44352 embedded, 0 truncated, 263.1s elapsed, 168.55 docs/s
[batch 1387] 44384 embedded, 0 truncated, 263.3s elapsed, 168.58 docs/s
[batch 1388] 44416 embedded, 0 truncated, 263.5s elapsed, 168.56 docs/s
[batch 1389] 44448 embedded, 0 truncated, 263.7s elapsed, 168.58 docs/s
[batch 1390] 44480 embedded, 0 truncated, 263.8s elapsed, 168.60 docs/s
[batch 1391] 44512 embedded, 0 truncated, 264.0s elapsed, 168.61 docs/s
[batch 1392] 44544 embedded, 0 truncated, 264.2s elapsed, 168.58 docs/s
[batch 1393] 44576 embedded, 0 truncated, 264.4s elapsed, 168.58 docs/s
[batch 1394] 44608 embedded, 0 truncated, 264.7s elapsed, 168.53 docs/s
[batch 1395] 44640 embedded, 0 truncated, 264.8s elapsed, 168.55 docs/s
[batch 1396] 44672 embedded, 0 truncated, 265.0s elapsed, 168.57 docs/s
[batch 1397] 44704 embedded, 0 truncated, 265.3s elapsed, 168.51 docs/s
[batch 1398] 44736 embedded, 0 truncated, 265.5s elapsed, 168.49 docs/s
[batch 1399] 44768 embedded, 0 truncated, 265.7s elapsed, 168.52 docs/s
[batch 1400] 44800 embedded, 0 truncated, 265.8s elapsed, 168.52 docs/s
[batch 1401] 44832 embedded, 0 truncated, 266.0s elapsed, 168.53 docs/s
[batch 1402] 44864 embedded, 0 truncated, 266.2s elapsed, 168.54 docs/s
[batch 1403] 44896 embedded, 0 truncated, 266.4s elapsed, 168.53 docs/s
[batch 1404] 44928 embedded, 0 truncated, 266.6s elapsed, 168.53 docs/s
[batch 1405] 44960 embedded, 0 truncated, 266.7s elapsed, 168.56 docs/s
[batch 1406] 44992 embedded, 0 truncated, 267.0s elapsed, 168.53 docs/s
[batch 1407] 45024 embedded, 0 truncated, 267.2s elapsed, 168.50 docs/s
[batch 1408] 45056 embedded, 0 truncated, 267.4s elapsed, 168.50 docs/s
[batch 1409] 45088 embedded, 0 truncated, 267.6s elapsed, 168.51 docs/s
[batch 1410] 45120 embedded, 0 truncated, 267.8s elapsed, 168.51 docs/s
[batch 1411] 45152 embedded, 0 truncated, 267.9s elapsed, 168.53 docs/s
[batch 1412] 45184 embedded, 0 truncated, 268.1s elapsed, 168.55 docs/s
[batch 1413] 45216 embedded, 0 truncated, 268.2s elapsed, 168.57 docs/s
[batch 1414] 45248 embedded, 0 truncated, 268.4s elapsed, 168.58 docs/s
[batch 1415] 45280 embedded, 0 truncated, 268.7s elapsed, 168.49 docs/s
[batch 1416] 45312 embedded, 0 truncated, 268.9s elapsed, 168.50 docs/s
[batch 1417] 45344 embedded, 0 truncated, 269.1s elapsed, 168.52 docs/s
[batch 1418] 45376 embedded, 0 truncated, 269.3s elapsed, 168.51 docs/s
[batch 1419] 45408 embedded, 0 truncated, 269.5s elapsed, 168.51 docs/s
[batch 1420] 45440 embedded, 0 truncated, 269.7s elapsed, 168.50 docs/s
[batch 1421] 45472 embedded, 0 truncated, 269.8s elapsed, 168.53 docs/s
[batch 1422] 45504 embedded, 0 truncated, 270.0s elapsed, 168.52 docs/s
[batch 1423] 45536 embedded, 0 truncated, 270.2s elapsed, 168.52 docs/s
[batch 1424] 45568 embedded, 0 truncated, 270.4s elapsed, 168.53 docs/s
[batch 1425] 45600 embedded, 0 truncated, 270.6s elapsed, 168.50 docs/s
[batch 1426] 45632 embedded, 0 truncated, 270.8s elapsed, 168.50 docs/s
[batch 1427] 45664 embedded, 0 truncated, 271.0s elapsed, 168.52 docs/s
[batch 1428] 45696 embedded, 0 truncated, 271.2s elapsed, 168.50 docs/s
[batch 1429] 45728 embedded, 0 truncated, 271.4s elapsed, 168.49 docs/s
[batch 1430] 45760 embedded, 0 truncated, 271.6s elapsed, 168.50 docs/s
[batch 1431] 45792 embedded, 0 truncated, 271.8s elapsed, 168.50 docs/s
[batch 1432] 45824 embedded, 0 truncated, 271.9s elapsed, 168.53 docs/s
[batch 1433] 45856 embedded, 0 truncated, 272.1s elapsed, 168.52 docs/s
[batch 1434] 45888 embedded, 0 truncated, 272.3s elapsed, 168.54 docs/s
[batch 1435] 45920 embedded, 0 truncated, 272.4s elapsed, 168.55 docs/s
[batch 1436] 45952 embedded, 0 truncated, 272.6s elapsed, 168.55 docs/s
[batch 1437] 45984 embedded, 0 truncated, 272.8s elapsed, 168.54 docs/s
[batch 1438] 46016 embedded, 0 truncated, 273.0s elapsed, 168.58 docs/s
[batch 1439] 46048 embedded, 0 truncated, 273.1s elapsed, 168.59 docs/s
[batch 1440] 46080 embedded, 0 truncated, 273.3s elapsed, 168.58 docs/s
[batch 1441] 46112 embedded, 0 truncated, 273.5s elapsed, 168.57 docs/s
[batch 1442] 46144 embedded, 0 truncated, 273.7s elapsed, 168.59 docs/s
[batch 1443] 46176 embedded, 0 truncated, 273.9s elapsed, 168.59 docs/s
[batch 1444] 46208 embedded, 0 truncated, 274.1s elapsed, 168.60 docs/s
[batch 1445] 46240 embedded, 0 truncated, 274.3s elapsed, 168.60 docs/s
[batch 1446] 46272 embedded, 0 truncated, 274.4s elapsed, 168.62 docs/s
[batch 1447] 46304 embedded, 0 truncated, 274.6s elapsed, 168.62 docs/s
[batch 1448] 46336 embedded, 0 truncated, 274.8s elapsed, 168.63 docs/s
[batch 1449] 46368 embedded, 0 truncated, 275.0s elapsed, 168.64 docs/s
[batch 1450] 46400 embedded, 0 truncated, 275.2s elapsed, 168.63 docs/s
[batch 1451] 46432 embedded, 0 truncated, 275.3s elapsed, 168.64 docs/s
[batch 1452] 46464 embedded, 0 truncated, 275.5s elapsed, 168.67 docs/s
[batch 1453] 46496 embedded, 0 truncated, 275.7s elapsed, 168.65 docs/s
[batch 1454] 46528 embedded, 0 truncated, 275.9s elapsed, 168.64 docs/s
[batch 1455] 46560 embedded, 0 truncated, 276.1s elapsed, 168.64 docs/s
[batch 1456] 46592 embedded, 0 truncated, 276.2s elapsed, 168.66 docs/s
[batch 1457] 46624 embedded, 0 truncated, 276.4s elapsed, 168.68 docs/s
[batch 1458] 46656 embedded, 0 truncated, 276.6s elapsed, 168.66 docs/s
[batch 1459] 46688 embedded, 0 truncated, 276.9s elapsed, 168.63 docs/s
[batch 1460] 46720 embedded, 0 truncated, 277.1s elapsed, 168.62 docs/s
[batch 1461] 46752 embedded, 0 truncated, 277.3s elapsed, 168.62 docs/s
[batch 1462] 46784 embedded, 0 truncated, 277.4s elapsed, 168.65 docs/s
[batch 1463] 46816 embedded, 0 truncated, 277.6s elapsed, 168.62 docs/s
[batch 1464] 46848 embedded, 0 truncated, 277.8s elapsed, 168.63 docs/s
[batch 1465] 46880 embedded, 0 truncated, 278.0s elapsed, 168.64 docs/s
[batch 1466] 46912 embedded, 0 truncated, 278.2s elapsed, 168.61 docs/s
[batch 1467] 46944 embedded, 0 truncated, 278.4s elapsed, 168.59 docs/s
[batch 1468] 46976 embedded, 0 truncated, 278.6s elapsed, 168.63 docs/s
[batch 1469] 47008 embedded, 0 truncated, 278.7s elapsed, 168.64 docs/s
[batch 1470] 47040 embedded, 0 truncated, 279.0s elapsed, 168.62 docs/s
[batch 1471] 47072 embedded, 0 truncated, 279.3s elapsed, 168.55 docs/s
[batch 1472] 47104 embedded, 0 truncated, 279.5s elapsed, 168.55 docs/s
[batch 1473] 47136 embedded, 0 truncated, 279.7s elapsed, 168.54 docs/s
[batch 1474] 47168 embedded, 0 truncated, 279.9s elapsed, 168.50 docs/s
[batch 1475] 47200 embedded, 0 truncated, 280.1s elapsed, 168.53 docs/s
[batch 1476] 47232 embedded, 0 truncated, 280.2s elapsed, 168.57 docs/s
[batch 1477] 47264 embedded, 0 truncated, 280.3s elapsed, 168.60 docs/s
[batch 1478] 47296 embedded, 0 truncated, 280.5s elapsed, 168.62 docs/s
[batch 1479] 47328 embedded, 0 truncated, 280.7s elapsed, 168.61 docs/s
[batch 1480] 47360 embedded, 0 truncated, 280.9s elapsed, 168.58 docs/s
[batch 1481] 47392 embedded, 0 truncated, 281.1s elapsed, 168.59 docs/s
[batch 1482] 47424 embedded, 0 truncated, 281.3s elapsed, 168.59 docs/s
[batch 1483] 47456 embedded, 0 truncated, 281.5s elapsed, 168.59 docs/s
[batch 1484] 47488 embedded, 0 truncated, 281.7s elapsed, 168.59 docs/s
[batch 1485] 47520 embedded, 0 truncated, 281.9s elapsed, 168.57 docs/s
[batch 1486] 47552 embedded, 0 truncated, 282.1s elapsed, 168.57 docs/s
[batch 1487] 47584 embedded, 0 truncated, 282.3s elapsed, 168.56 docs/s
[batch 1488] 47616 embedded, 0 truncated, 282.6s elapsed, 168.52 docs/s
[batch 1489] 47648 embedded, 0 truncated, 282.7s elapsed, 168.55 docs/s
[batch 1490] 47680 embedded, 0 truncated, 282.9s elapsed, 168.54 docs/s
[batch 1491] 47712 embedded, 0 truncated, 283.1s elapsed, 168.56 docs/s
[batch 1492] 47744 embedded, 0 truncated, 283.2s elapsed, 168.59 docs/s
[batch 1493] 47776 embedded, 0 truncated, 283.4s elapsed, 168.60 docs/s
[batch 1494] 47808 embedded, 0 truncated, 283.5s elapsed, 168.62 docs/s
[batch 1495] 47840 embedded, 0 truncated, 283.7s elapsed, 168.64 docs/s
[batch 1496] 47872 embedded, 0 truncated, 283.9s elapsed, 168.64 docs/s
[batch 1497] 47904 embedded, 0 truncated, 284.1s elapsed, 168.64 docs/s
[batch 1498] 47936 embedded, 0 truncated, 284.2s elapsed, 168.66 docs/s
[batch 1499] 47968 embedded, 0 truncated, 284.4s elapsed, 168.67 docs/s
[batch 1500] 48000 embedded, 0 truncated, 284.6s elapsed, 168.66 docs/s
[batch 1501] 48032 embedded, 0 truncated, 284.8s elapsed, 168.66 docs/s
[batch 1502] 48064 embedded, 0 truncated, 285.0s elapsed, 168.67 docs/s
[batch 1503] 48096 embedded, 0 truncated, 285.1s elapsed, 168.69 docs/s
[batch 1504] 48128 embedded, 0 truncated, 285.4s elapsed, 168.64 docs/s
[batch 1505] 48160 embedded, 0 truncated, 285.6s elapsed, 168.65 docs/s
[batch 1506] 48192 embedded, 0 truncated, 285.7s elapsed, 168.67 docs/s
[batch 1507] 48224 embedded, 0 truncated, 285.9s elapsed, 168.67 docs/s
[batch 1508] 48256 embedded, 0 truncated, 286.2s elapsed, 168.61 docs/s
[batch 1509] 48288 embedded, 0 truncated, 286.4s elapsed, 168.63 docs/s
[batch 1510] 48320 embedded, 0 truncated, 286.5s elapsed, 168.63 docs/s
[batch 1511] 48352 embedded, 0 truncated, 286.7s elapsed, 168.66 docs/s
[batch 1512] 48384 embedded, 0 truncated, 286.9s elapsed, 168.67 docs/s
[batch 1513] 48416 embedded, 0 truncated, 287.0s elapsed, 168.68 docs/s
[batch 1514] 48448 embedded, 0 truncated, 287.2s elapsed, 168.70 docs/s
[batch 1515] 48480 embedded, 0 truncated, 287.5s elapsed, 168.65 docs/s
[batch 1516] 48512 embedded, 0 truncated, 287.6s elapsed, 168.66 docs/s
[batch 1517] 48544 embedded, 0 truncated, 287.8s elapsed, 168.65 docs/s
[batch 1518] 48576 embedded, 0 truncated, 288.0s elapsed, 168.65 docs/s
[batch 1519] 48608 embedded, 0 truncated, 288.2s elapsed, 168.67 docs/s
[batch 1520] 48640 embedded, 0 truncated, 288.4s elapsed, 168.63 docs/s
[batch 1521] 48672 embedded, 0 truncated, 288.7s elapsed, 168.61 docs/s
[batch 1522] 48704 embedded, 0 truncated, 289.0s elapsed, 168.55 docs/s
[batch 1523] 48736 embedded, 0 truncated, 289.1s elapsed, 168.56 docs/s
[batch 1524] 48768 embedded, 0 truncated, 289.3s elapsed, 168.56 docs/s
[batch 1525] 48800 embedded, 0 truncated, 289.5s elapsed, 168.58 docs/s
[batch 1526] 48832 embedded, 0 truncated, 289.7s elapsed, 168.58 docs/s
[batch 1527] 48864 embedded, 0 truncated, 289.8s elapsed, 168.59 docs/s
[batch 1528] 48896 embedded, 0 truncated, 290.1s elapsed, 168.56 docs/s
[batch 1529] 48928 embedded, 0 truncated, 290.3s elapsed, 168.52 docs/s
[batch 1530] 48960 embedded, 0 truncated, 290.5s elapsed, 168.54 docs/s
[batch 1531] 48992 embedded, 0 truncated, 290.7s elapsed, 168.54 docs/s
[batch 1532] 49024 embedded, 0 truncated, 290.9s elapsed, 168.54 docs/s
[batch 1533] 49056 embedded, 0 truncated, 291.1s elapsed, 168.55 docs/s
[batch 1534] 49088 embedded, 0 truncated, 291.3s elapsed, 168.54 docs/s
[batch 1535] 49120 embedded, 0 truncated, 291.4s elapsed, 168.54 docs/s
[batch 1536] 49152 embedded, 0 truncated, 291.6s elapsed, 168.56 docs/s
[batch 1537] 49184 embedded, 0 truncated, 291.8s elapsed, 168.55 docs/s
[batch 1538] 49216 embedded, 0 truncated, 292.1s elapsed, 168.51 docs/s
[batch 1539] 49248 embedded, 0 truncated, 292.3s elapsed, 168.49 docs/s
[batch 1540] 49280 embedded, 0 truncated, 292.5s elapsed, 168.50 docs/s
[batch 1541] 49312 embedded, 0 truncated, 292.6s elapsed, 168.51 docs/s
[batch 1542] 49344 embedded, 0 truncated, 292.8s elapsed, 168.53 docs/s
[batch 1543] 49376 embedded, 0 truncated, 293.0s elapsed, 168.54 docs/s
[batch 1544] 49408 embedded, 0 truncated, 293.2s elapsed, 168.53 docs/s
[batch 1545] 49440 embedded, 0 truncated, 293.3s elapsed, 168.54 docs/s
[batch 1546] 49472 embedded, 0 truncated, 293.5s elapsed, 168.55 docs/s
[batch 1547] 49504 embedded, 0 truncated, 293.7s elapsed, 168.55 docs/s
[batch 1548] 49536 embedded, 0 truncated, 293.9s elapsed, 168.56 docs/s
[batch 1549] 49568 embedded, 0 truncated, 294.1s elapsed, 168.56 docs/s
[batch 1550] 49600 embedded, 0 truncated, 294.3s elapsed, 168.55 docs/s
[batch 1551] 49632 embedded, 0 truncated, 294.5s elapsed, 168.54 docs/s
[batch 1552] 49664 embedded, 0 truncated, 294.7s elapsed, 168.55 docs/s
[batch 1553] 49696 embedded, 0 truncated, 294.8s elapsed, 168.56 docs/s
[batch 1554] 49728 embedded, 0 truncated, 295.0s elapsed, 168.57 docs/s
[batch 1555] 49760 embedded, 0 truncated, 295.2s elapsed, 168.58 docs/s
[batch 1556] 49792 embedded, 0 truncated, 295.4s elapsed, 168.57 docs/s
[batch 1557] 49824 embedded, 0 truncated, 295.5s elapsed, 168.60 docs/s
[batch 1558] 49856 embedded, 0 truncated, 295.7s elapsed, 168.62 docs/s
[batch 1559] 49888 embedded, 0 truncated, 295.8s elapsed, 168.64 docs/s
[batch 1560] 49920 embedded, 0 truncated, 296.0s elapsed, 168.66 docs/s
[batch 1561] 49952 embedded, 0 truncated, 296.1s elapsed, 168.68 docs/s
[batch 1562] 49984 embedded, 0 truncated, 296.3s elapsed, 168.69 docs/s
[batch 1563] 50016 embedded, 0 truncated, 296.5s elapsed, 168.69 docs/s
[batch 1564] 50048 embedded, 0 truncated, 296.7s elapsed, 168.69 docs/s
[batch 1565] 50080 embedded, 0 truncated, 296.8s elapsed, 168.72 docs/s
[batch 1566] 50112 embedded, 0 truncated, 297.0s elapsed, 168.73 docs/s
[batch 1567] 50144 embedded, 0 truncated, 297.2s elapsed, 168.71 docs/s
[batch 1568] 50176 embedded, 0 truncated, 297.4s elapsed, 168.70 docs/s
[batch 1569] 50208 embedded, 0 truncated, 297.6s elapsed, 168.71 docs/s
[batch 1570] 50240 embedded, 0 truncated, 297.7s elapsed, 168.74 docs/s
[batch 1571] 50272 embedded, 0 truncated, 297.9s elapsed, 168.74 docs/s
[batch 1572] 50304 embedded, 0 truncated, 298.1s elapsed, 168.78 docs/s
[batch 1573] 50336 embedded, 0 truncated, 298.3s elapsed, 168.72 docs/s
[batch 1574] 50368 embedded, 0 truncated, 298.5s elapsed, 168.74 docs/s
[batch 1575] 50400 embedded, 0 truncated, 298.7s elapsed, 168.72 docs/s
[batch 1576] 50432 embedded, 0 truncated, 298.9s elapsed, 168.72 docs/s
[batch 1577] 50464 embedded, 0 truncated, 299.1s elapsed, 168.75 docs/s
[batch 1578] 50496 embedded, 0 truncated, 299.2s elapsed, 168.76 docs/s
[batch 1579] 50528 embedded, 0 truncated, 299.5s elapsed, 168.73 docs/s
[batch 1580] 50560 embedded, 0 truncated, 299.7s elapsed, 168.71 docs/s
[batch 1581] 50592 embedded, 0 truncated, 299.9s elapsed, 168.72 docs/s
[batch 1582] 50624 embedded, 0 truncated, 300.1s elapsed, 168.69 docs/s
[batch 1583] 50656 embedded, 0 truncated, 300.3s elapsed, 168.70 docs/s
[batch 1584] 50688 embedded, 0 truncated, 300.5s elapsed, 168.67 docs/s
[batch 1585] 50720 embedded, 0 truncated, 300.7s elapsed, 168.68 docs/s
[batch 1586] 50752 embedded, 0 truncated, 300.9s elapsed, 168.65 docs/s
[batch 1587] 50784 embedded, 0 truncated, 301.1s elapsed, 168.65 docs/s
[batch 1588] 50816 embedded, 0 truncated, 301.7s elapsed, 168.44 docs/s
[batch 1589] 50848 embedded, 0 truncated, 301.9s elapsed, 168.40 docs/s
[batch 1590] 50880 embedded, 0 truncated, 302.1s elapsed, 168.42 docs/s
[batch 1591] 50912 embedded, 0 truncated, 302.3s elapsed, 168.44 docs/s
[batch 1592] 50944 embedded, 0 truncated, 302.5s elapsed, 168.42 docs/s
[batch 1593] 50976 embedded, 0 truncated, 302.7s elapsed, 168.42 docs/s
[batch 1594] 51008 embedded, 0 truncated, 302.9s elapsed, 168.43 docs/s
[batch 1595] 51040 embedded, 0 truncated, 303.0s elapsed, 168.44 docs/s
[batch 1596] 51072 embedded, 0 truncated, 303.2s elapsed, 168.43 docs/s
[batch 1597] 51104 embedded, 0 truncated, 303.4s elapsed, 168.43 docs/s
[batch 1598] 51136 embedded, 0 truncated, 303.6s elapsed, 168.44 docs/s
[batch 1599] 51168 embedded, 0 truncated, 303.7s elapsed, 168.46 docs/s
[batch 1600] 51200 embedded, 0 truncated, 303.9s elapsed, 168.47 docs/s
[batch 1601] 51232 embedded, 0 truncated, 304.1s elapsed, 168.46 docs/s
[batch 1602] 51264 embedded, 0 truncated, 304.3s elapsed, 168.47 docs/s
[batch 1603] 51296 embedded, 0 truncated, 304.5s elapsed, 168.47 docs/s
[batch 1604] 51328 embedded, 0 truncated, 304.7s elapsed, 168.44 docs/s
[batch 1605] 51360 embedded, 0 truncated, 304.9s elapsed, 168.43 docs/s
[batch 1606] 51392 embedded, 0 truncated, 305.1s elapsed, 168.43 docs/s
[batch 1607] 51424 embedded, 0 truncated, 305.3s elapsed, 168.45 docs/s
[batch 1608] 51456 embedded, 0 truncated, 305.5s elapsed, 168.43 docs/s
[batch 1609] 51488 embedded, 0 truncated, 305.7s elapsed, 168.44 docs/s
[batch 1610] 51520 embedded, 0 truncated, 305.8s elapsed, 168.48 docs/s
[batch 1611] 51552 embedded, 0 truncated, 306.0s elapsed, 168.49 docs/s
[batch 1612] 51584 embedded, 0 truncated, 306.1s elapsed, 168.51 docs/s
[batch 1613] 51616 embedded, 0 truncated, 306.3s elapsed, 168.53 docs/s
[batch 1614] 51648 embedded, 0 truncated, 306.5s elapsed, 168.53 docs/s
[batch 1615] 51680 embedded, 0 truncated, 306.7s elapsed, 168.52 docs/s
[batch 1616] 51712 embedded, 0 truncated, 306.9s elapsed, 168.52 docs/s
[batch 1617] 51744 embedded, 0 truncated, 307.2s elapsed, 168.46 docs/s
[batch 1618] 51776 embedded, 0 truncated, 307.3s elapsed, 168.47 docs/s
[batch 1619] 51808 embedded, 0 truncated, 307.5s elapsed, 168.46 docs/s
[batch 1620] 51840 embedded, 0 truncated, 307.7s elapsed, 168.46 docs/s
[batch 1621] 51872 embedded, 0 truncated, 307.9s elapsed, 168.47 docs/s
[batch 1622] 51904 embedded, 0 truncated, 308.1s elapsed, 168.49 docs/s
[batch 1623] 51936 embedded, 0 truncated, 308.2s elapsed, 168.50 docs/s
[batch 1624] 51968 embedded, 0 truncated, 308.4s elapsed, 168.50 docs/s
[batch 1625] 52000 embedded, 0 truncated, 308.7s elapsed, 168.45 docs/s
[batch 1626] 52032 embedded, 0 truncated, 308.9s elapsed, 168.46 docs/s
[batch 1627] 52064 embedded, 0 truncated, 309.0s elapsed, 168.47 docs/s
[batch 1628] 52096 embedded, 0 truncated, 309.2s elapsed, 168.49 docs/s
[batch 1629] 52128 embedded, 0 truncated, 309.4s elapsed, 168.50 docs/s
[batch 1630] 52160 embedded, 0 truncated, 309.6s elapsed, 168.50 docs/s
[batch 1631] 52192 embedded, 0 truncated, 309.8s elapsed, 168.49 docs/s
[batch 1632] 52224 embedded, 0 truncated, 309.9s elapsed, 168.52 docs/s
[batch 1633] 52256 embedded, 0 truncated, 310.1s elapsed, 168.53 docs/s
[batch 1634] 52288 embedded, 0 truncated, 310.2s elapsed, 168.54 docs/s
[batch 1635] 52320 embedded, 0 truncated, 310.4s elapsed, 168.57 docs/s
[batch 1636] 52352 embedded, 0 truncated, 310.6s elapsed, 168.57 docs/s
[batch 1637] 52384 embedded, 0 truncated, 310.7s elapsed, 168.60 docs/s
[batch 1638] 52416 embedded, 0 truncated, 310.8s elapsed, 168.63 docs/s
[batch 1639] 52448 embedded, 0 truncated, 311.0s elapsed, 168.64 docs/s
[batch 1640] 52480 embedded, 0 truncated, 311.2s elapsed, 168.66 docs/s
[batch 1641] 52512 embedded, 0 truncated, 311.3s elapsed, 168.67 docs/s
[batch 1642] 52544 embedded, 0 truncated, 311.5s elapsed, 168.67 docs/s
[batch 1643] 52576 embedded, 0 truncated, 311.7s elapsed, 168.68 docs/s
[batch 1644] 52608 embedded, 0 truncated, 311.9s elapsed, 168.66 docs/s
[batch 1645] 52640 embedded, 0 truncated, 312.1s elapsed, 168.67 docs/s
[batch 1646] 52672 embedded, 0 truncated, 312.3s elapsed, 168.68 docs/s
[batch 1647] 52704 embedded, 0 truncated, 312.4s elapsed, 168.70 docs/s
[batch 1648] 52736 embedded, 0 truncated, 312.6s elapsed, 168.72 docs/s
[batch 1649] 52768 embedded, 0 truncated, 312.7s elapsed, 168.74 docs/s
[batch 1650] 52800 embedded, 0 truncated, 312.9s elapsed, 168.75 docs/s
[batch 1651] 52832 embedded, 0 truncated, 313.1s elapsed, 168.76 docs/s
[batch 1652] 52864 embedded, 0 truncated, 313.3s elapsed, 168.76 docs/s
[batch 1653] 52896 embedded, 0 truncated, 313.5s elapsed, 168.75 docs/s
[batch 1654] 52928 embedded, 0 truncated, 313.6s elapsed, 168.75 docs/s
[batch 1655] 52960 embedded, 0 truncated, 313.8s elapsed, 168.75 docs/s
[batch 1656] 52992 embedded, 0 truncated, 314.0s elapsed, 168.77 docs/s
[batch 1657] 53024 embedded, 0 truncated, 314.2s elapsed, 168.78 docs/s
[batch 1658] 53056 embedded, 0 truncated, 314.4s elapsed, 168.77 docs/s
[batch 1659] 53088 embedded, 0 truncated, 314.6s elapsed, 168.77 docs/s
[batch 1660] 53120 embedded, 0 truncated, 314.7s elapsed, 168.78 docs/s
[batch 1661] 53152 embedded, 0 truncated, 314.9s elapsed, 168.79 docs/s
[batch 1662] 53184 embedded, 0 truncated, 315.1s elapsed, 168.79 docs/s
[batch 1663] 53216 embedded, 0 truncated, 315.3s elapsed, 168.80 docs/s
[batch 1664] 53248 embedded, 0 truncated, 315.4s elapsed, 168.81 docs/s
[batch 1665] 53280 embedded, 0 truncated, 315.6s elapsed, 168.82 docs/s
[batch 1666] 53312 embedded, 0 truncated, 315.8s elapsed, 168.84 docs/s
[batch 1667] 53344 embedded, 0 truncated, 315.9s elapsed, 168.85 docs/s
[batch 1668] 53376 embedded, 0 truncated, 316.1s elapsed, 168.86 docs/s
[batch 1669] 53408 embedded, 0 truncated, 316.3s elapsed, 168.87 docs/s
[batch 1670] 53440 embedded, 0 truncated, 316.5s elapsed, 168.83 docs/s
[batch 1671] 53472 embedded, 0 truncated, 316.9s elapsed, 168.73 docs/s
[batch 1672] 53504 embedded, 0 truncated, 317.1s elapsed, 168.74 docs/s
[batch 1673] 53536 embedded, 0 truncated, 317.2s elapsed, 168.76 docs/s
[batch 1674] 53568 embedded, 0 truncated, 317.4s elapsed, 168.79 docs/s
[batch 1675] 53600 embedded, 0 truncated, 317.5s elapsed, 168.80 docs/s
[batch 1676] 53632 embedded, 0 truncated, 317.7s elapsed, 168.81 docs/s
[batch 1677] 53664 embedded, 0 truncated, 317.9s elapsed, 168.82 docs/s
[batch 1678] 53696 embedded, 0 truncated, 318.1s elapsed, 168.82 docs/s
[batch 1679] 53728 embedded, 0 truncated, 318.2s elapsed, 168.84 docs/s
[batch 1680] 53760 embedded, 0 truncated, 318.4s elapsed, 168.82 docs/s
[batch 1681] 53792 embedded, 0 truncated, 318.6s elapsed, 168.82 docs/s
[batch 1682] 53824 embedded, 0 truncated, 318.8s elapsed, 168.81 docs/s
[batch 1683] 53856 embedded, 0 truncated, 319.0s elapsed, 168.81 docs/s
[batch 1684] 53888 embedded, 0 truncated, 319.2s elapsed, 168.84 docs/s
[batch 1685] 53920 embedded, 0 truncated, 319.4s elapsed, 168.83 docs/s
[batch 1686] 53952 embedded, 0 truncated, 319.5s elapsed, 168.85 docs/s
[batch 1687] 53984 embedded, 0 truncated, 319.7s elapsed, 168.87 docs/s
[batch 1688] 54016 embedded, 0 truncated, 319.8s elapsed, 168.90 docs/s
[batch 1689] 54048 embedded, 0 truncated, 320.0s elapsed, 168.90 docs/s
[batch 1690] 54080 embedded, 0 truncated, 320.2s elapsed, 168.90 docs/s
[batch 1691] 54112 embedded, 0 truncated, 320.4s elapsed, 168.90 docs/s
[batch 1692] 54144 embedded, 0 truncated, 320.5s elapsed, 168.92 docs/s
[batch 1693] 54176 embedded, 0 truncated, 320.7s elapsed, 168.93 docs/s
[batch 1694] 54208 embedded, 0 truncated, 320.8s elapsed, 168.96 docs/s
[batch 1695] 54240 embedded, 0 truncated, 321.0s elapsed, 168.95 docs/s
[batch 1696] 54272 embedded, 0 truncated, 321.2s elapsed, 168.96 docs/s
[batch 1697] 54304 embedded, 0 truncated, 321.4s elapsed, 168.98 docs/s
[batch 1698] 54336 embedded, 0 truncated, 321.6s elapsed, 168.98 docs/s
[batch 1699] 54368 embedded, 0 truncated, 321.7s elapsed, 168.99 docs/s
[batch 1700] 54400 embedded, 0 truncated, 321.9s elapsed, 169.01 docs/s
[batch 1701] 54432 embedded, 0 truncated, 322.1s elapsed, 169.01 docs/s
[batch 1702] 54464 embedded, 0 truncated, 322.2s elapsed, 169.02 docs/s
[batch 1703] 54496 embedded, 0 truncated, 322.4s elapsed, 169.03 docs/s
[batch 1704] 54528 embedded, 0 truncated, 322.7s elapsed, 168.97 docs/s
[batch 1705] 54560 embedded, 0 truncated, 322.9s elapsed, 168.98 docs/s
[batch 1706] 54592 embedded, 0 truncated, 323.0s elapsed, 169.00 docs/s
[batch 1707] 54624 embedded, 0 truncated, 323.2s elapsed, 168.99 docs/s
[batch 1708] 54656 embedded, 0 truncated, 323.4s elapsed, 168.98 docs/s
[batch 1709] 54688 embedded, 0 truncated, 323.6s elapsed, 169.01 docs/s
[batch 1710] 54720 embedded, 0 truncated, 323.7s elapsed, 169.02 docs/s
[batch 1711] 54752 embedded, 0 truncated, 323.9s elapsed, 169.03 docs/s
[batch 1712] 54784 embedded, 0 truncated, 324.1s elapsed, 169.04 docs/s
[batch 1713] 54816 embedded, 0 truncated, 324.3s elapsed, 169.04 docs/s
[batch 1714] 54848 embedded, 0 truncated, 324.4s elapsed, 169.05 docs/s
[batch 1715] 54880 embedded, 0 truncated, 324.6s elapsed, 169.07 docs/s
[batch 1716] 54912 embedded, 0 truncated, 324.8s elapsed, 169.08 docs/s
[batch 1717] 54944 embedded, 0 truncated, 325.0s elapsed, 169.06 docs/s
[batch 1718] 54976 embedded, 0 truncated, 325.2s elapsed, 169.07 docs/s
[batch 1719] 55008 embedded, 0 truncated, 325.3s elapsed, 169.08 docs/s
[batch 1720] 55040 embedded, 0 truncated, 325.5s elapsed, 169.10 docs/s
[batch 1721] 55072 embedded, 0 truncated, 325.7s elapsed, 169.11 docs/s
[batch 1722] 55104 embedded, 0 truncated, 325.9s elapsed, 169.09 docs/s
[batch 1723] 55136 embedded, 0 truncated, 326.1s elapsed, 169.10 docs/s
[batch 1724] 55168 embedded, 0 truncated, 326.2s elapsed, 169.11 docs/s
[batch 1725] 55200 embedded, 0 truncated, 326.4s elapsed, 169.12 docs/s
[batch 1726] 55232 embedded, 0 truncated, 326.6s elapsed, 169.13 docs/s
[batch 1727] 55264 embedded, 0 truncated, 326.7s elapsed, 169.14 docs/s
[batch 1728] 55296 embedded, 0 truncated, 326.9s elapsed, 169.15 docs/s
[batch 1729] 55328 embedded, 0 truncated, 327.1s elapsed, 169.15 docs/s
[batch 1730] 55360 embedded, 0 truncated, 327.2s elapsed, 169.17 docs/s
[batch 1731] 55392 embedded, 0 truncated, 327.4s elapsed, 169.18 docs/s
[batch 1732] 55424 embedded, 0 truncated, 327.6s elapsed, 169.19 docs/s
[batch 1733] 55456 embedded, 0 truncated, 327.7s elapsed, 169.20 docs/s
[batch 1734] 55488 embedded, 0 truncated, 327.9s elapsed, 169.22 docs/s
[batch 1735] 55520 embedded, 0 truncated, 328.1s elapsed, 169.19 docs/s
[batch 1736] 55552 embedded, 0 truncated, 328.3s elapsed, 169.20 docs/s
[batch 1737] 55584 embedded, 0 truncated, 328.5s elapsed, 169.21 docs/s
[batch 1738] 55616 embedded, 0 truncated, 328.6s elapsed, 169.23 docs/s
[batch 1739] 55648 embedded, 0 truncated, 328.8s elapsed, 169.25 docs/s
[batch 1740] 55680 embedded, 0 truncated, 329.0s elapsed, 169.26 docs/s
[batch 1741] 55712 embedded, 0 truncated, 329.1s elapsed, 169.28 docs/s
[batch 1742] 55744 embedded, 0 truncated, 329.3s elapsed, 169.29 docs/s
[batch 1743] 55776 embedded, 0 truncated, 329.5s elapsed, 169.30 docs/s
[batch 1744] 55808 embedded, 0 truncated, 329.7s elapsed, 169.29 docs/s
[batch 1745] 55840 embedded, 0 truncated, 329.8s elapsed, 169.29 docs/s
[batch 1746] 55872 embedded, 0 truncated, 330.0s elapsed, 169.29 docs/s
[batch 1747] 55904 embedded, 0 truncated, 330.2s elapsed, 169.31 docs/s
[batch 1748] 55936 embedded, 0 truncated, 330.4s elapsed, 169.31 docs/s
[batch 1749] 55968 embedded, 0 truncated, 330.7s elapsed, 169.25 docs/s
[batch 1750] 56000 embedded, 0 truncated, 330.9s elapsed, 169.24 docs/s
[batch 1751] 56032 embedded, 0 truncated, 331.1s elapsed, 169.25 docs/s
[batch 1752] 56064 embedded, 0 truncated, 331.2s elapsed, 169.27 docs/s
[batch 1753] 56096 embedded, 0 truncated, 331.4s elapsed, 169.27 docs/s
[batch 1754] 56128 embedded, 0 truncated, 331.6s elapsed, 169.26 docs/s
[batch 1755] 56160 embedded, 0 truncated, 331.8s elapsed, 169.27 docs/s
[batch 1756] 56192 embedded, 0 truncated, 332.0s elapsed, 169.26 docs/s
[batch 1757] 56224 embedded, 0 truncated, 332.2s elapsed, 169.25 docs/s
[batch 1758] 56256 embedded, 0 truncated, 332.4s elapsed, 169.25 docs/s
[batch 1759] 56288 embedded, 0 truncated, 332.6s elapsed, 169.26 docs/s
[batch 1760] 56320 embedded, 0 truncated, 332.8s elapsed, 169.25 docs/s
[batch 1761] 56352 embedded, 0 truncated, 332.9s elapsed, 169.27 docs/s
[batch 1762] 56384 embedded, 0 truncated, 333.1s elapsed, 169.26 docs/s
[batch 1763] 56416 embedded, 0 truncated, 333.3s elapsed, 169.28 docs/s
[batch 1764] 56448 embedded, 0 truncated, 333.4s elapsed, 169.29 docs/s
[batch 1765] 56480 embedded, 0 truncated, 333.6s elapsed, 169.30 docs/s
[batch 1766] 56512 embedded, 0 truncated, 333.8s elapsed, 169.31 docs/s
[batch 1767] 56544 embedded, 0 truncated, 333.9s elapsed, 169.32 docs/s
[batch 1768] 56576 embedded, 0 truncated, 334.1s elapsed, 169.34 docs/s
[batch 1769] 56608 embedded, 0 truncated, 334.3s elapsed, 169.35 docs/s
[batch 1770] 56640 embedded, 0 truncated, 334.8s elapsed, 169.19 docs/s
[batch 1771] 56672 embedded, 0 truncated, 334.9s elapsed, 169.20 docs/s
[batch 1772] 56704 embedded, 0 truncated, 335.2s elapsed, 169.16 docs/s
[batch 1773] 56736 embedded, 0 truncated, 335.4s elapsed, 169.17 docs/s
[batch 1774] 56768 embedded, 0 truncated, 335.6s elapsed, 169.17 docs/s
[batch 1775] 56800 embedded, 0 truncated, 335.7s elapsed, 169.19 docs/s
[batch 1776] 56832 embedded, 0 truncated, 335.9s elapsed, 169.19 docs/s
[batch 1777] 56864 embedded, 0 truncated, 336.1s elapsed, 169.19 docs/s
[batch 1778] 56896 embedded, 0 truncated, 336.3s elapsed, 169.18 docs/s
[batch 1779] 56928 embedded, 0 truncated, 336.5s elapsed, 169.17 docs/s
[batch 1780] 56960 embedded, 0 truncated, 336.7s elapsed, 169.17 docs/s
[batch 1781] 56992 embedded, 0 truncated, 336.8s elapsed, 169.19 docs/s
[batch 1782] 57024 embedded, 0 truncated, 337.0s elapsed, 169.21 docs/s
[batch 1783] 57056 embedded, 0 truncated, 337.2s elapsed, 169.21 docs/s
[batch 1784] 57088 embedded, 0 truncated, 337.4s elapsed, 169.21 docs/s
[batch 1785] 57120 embedded, 0 truncated, 337.6s elapsed, 169.20 docs/s
[batch 1786] 57152 embedded, 0 truncated, 337.8s elapsed, 169.20 docs/s
[batch 1787] 57184 embedded, 0 truncated, 338.0s elapsed, 169.21 docs/s
[batch 1788] 57216 embedded, 0 truncated, 338.1s elapsed, 169.22 docs/s
[batch 1789] 57248 embedded, 0 truncated, 338.3s elapsed, 169.24 docs/s
[batch 1790] 57280 embedded, 0 truncated, 338.5s elapsed, 169.24 docs/s
[batch 1791] 57312 embedded, 0 truncated, 338.6s elapsed, 169.24 docs/s
[batch 1792] 57344 embedded, 0 truncated, 338.8s elapsed, 169.24 docs/s
[batch 1793] 57376 embedded, 0 truncated, 339.0s elapsed, 169.26 docs/s
[batch 1794] 57408 embedded, 0 truncated, 339.1s elapsed, 169.28 docs/s
[batch 1795] 57440 embedded, 0 truncated, 339.3s elapsed, 169.28 docs/s
[batch 1796] 57472 embedded, 0 truncated, 339.5s elapsed, 169.30 docs/s
[batch 1797] 57504 embedded, 0 truncated, 339.7s elapsed, 169.30 docs/s
[batch 1798] 57536 embedded, 0 truncated, 339.8s elapsed, 169.31 docs/s
[batch 1799] 57568 embedded, 0 truncated, 340.0s elapsed, 169.31 docs/s
[batch 1800] 57600 embedded, 0 truncated, 340.2s elapsed, 169.32 docs/s
[batch 1801] 57632 embedded, 0 truncated, 340.4s elapsed, 169.33 docs/s
[batch 1802] 57664 embedded, 0 truncated, 340.5s elapsed, 169.33 docs/s
[batch 1803] 57696 embedded, 0 truncated, 340.7s elapsed, 169.35 docs/s
[batch 1804] 57728 embedded, 0 truncated, 340.9s elapsed, 169.34 docs/s
[batch 1805] 57760 embedded, 0 truncated, 341.1s elapsed, 169.33 docs/s
[batch 1806] 57792 embedded, 0 truncated, 341.3s elapsed, 169.32 docs/s
[batch 1807] 57824 embedded, 0 truncated, 341.5s elapsed, 169.32 docs/s
[batch 1808] 57856 embedded, 0 truncated, 341.8s elapsed, 169.28 docs/s
[batch 1809] 57888 embedded, 0 truncated, 342.0s elapsed, 169.28 docs/s
[batch 1810] 57920 embedded, 0 truncated, 342.1s elapsed, 169.29 docs/s
[batch 1811] 57952 embedded, 0 truncated, 342.3s elapsed, 169.31 docs/s
[batch 1812] 57984 embedded, 0 truncated, 342.4s elapsed, 169.34 docs/s
[batch 1813] 58016 embedded, 0 truncated, 342.6s elapsed, 169.33 docs/s
[batch 1814] 58048 embedded, 0 truncated, 342.9s elapsed, 169.31 docs/s
[batch 1815] 58080 embedded, 0 truncated, 343.0s elapsed, 169.31 docs/s
[batch 1816] 58112 embedded, 0 truncated, 343.2s elapsed, 169.32 docs/s
[batch 1817] 58144 embedded, 0 truncated, 343.4s elapsed, 169.31 docs/s
[batch 1818] 58176 embedded, 0 truncated, 343.6s elapsed, 169.33 docs/s
[batch 1819] 58208 embedded, 0 truncated, 343.8s elapsed, 169.32 docs/s
[batch 1820] 58240 embedded, 0 truncated, 344.0s elapsed, 169.32 docs/s
[batch 1821] 58272 embedded, 0 truncated, 344.1s elapsed, 169.32 docs/s
[batch 1822] 58304 embedded, 0 truncated, 344.3s elapsed, 169.32 docs/s
[batch 1823] 58336 embedded, 0 truncated, 344.5s elapsed, 169.32 docs/s
[batch 1824] 58368 embedded, 0 truncated, 344.7s elapsed, 169.33 docs/s
[batch 1825] 58400 embedded, 0 truncated, 344.9s elapsed, 169.34 docs/s
[batch 1826] 58432 embedded, 0 truncated, 345.1s elapsed, 169.33 docs/s
[batch 1827] 58464 embedded, 0 truncated, 345.4s elapsed, 169.27 docs/s
[batch 1828] 58496 embedded, 0 truncated, 345.6s elapsed, 169.25 docs/s
[batch 1829] 58528 embedded, 0 truncated, 345.8s elapsed, 169.24 docs/s
[batch 1830] 58560 embedded, 0 truncated, 346.1s elapsed, 169.22 docs/s
[batch 1831] 58592 embedded, 0 truncated, 346.3s elapsed, 169.21 docs/s
[batch 1832] 58624 embedded, 0 truncated, 346.4s elapsed, 169.22 docs/s
[batch 1833] 58656 embedded, 0 truncated, 346.7s elapsed, 169.20 docs/s
[batch 1834] 58688 embedded, 0 truncated, 346.8s elapsed, 169.22 docs/s
[batch 1835] 58720 embedded, 0 truncated, 347.0s elapsed, 169.22 docs/s
[batch 1836] 58752 embedded, 0 truncated, 347.2s elapsed, 169.22 docs/s
[batch 1837] 58784 embedded, 0 truncated, 347.3s elapsed, 169.24 docs/s
[batch 1838] 58816 embedded, 0 truncated, 347.5s elapsed, 169.24 docs/s
[batch 1839] 58848 embedded, 0 truncated, 347.7s elapsed, 169.25 docs/s
[batch 1840] 58880 embedded, 0 truncated, 347.9s elapsed, 169.25 docs/s
[batch 1841] 58912 embedded, 0 truncated, 348.1s elapsed, 169.25 docs/s
[batch 1842] 58944 embedded, 0 truncated, 348.2s elapsed, 169.26 docs/s
[batch 1843] 58976 embedded, 0 truncated, 348.5s elapsed, 169.25 docs/s
[batch 1844] 58995 embedded, 0 truncated, 348.6s elapsed, 169.26 docs/s
rows written:   58995
rows truncated: 0 (content > 8000 chars; untruncated length in token_count)
wall time:      348.6s
mean rate:      169.26 docs/s
peak VRAM:      8.24 GiB (torch.cuda.max_memory_allocated)
